time,media_t,type,severity,object,track_id,detail,snapshot
2026-09-28 12:44:09,1790579649.600451,INTRUSION,HIGH,person,3,person entered 'Restricted Zone',snapshots/20260928_124409_654513_INTRUSION.jpg
2026-09-28 12:44:09,1790579649.600451,INTRUSION,HIGH,person,4,person entered 'Restricted Zone',snapshots/20260928_124409_659603_INTRUSION.jpg
2026-09-28 12:44:11,1790579651.003554,TRIPWIRE,HIGH,person,1,person crossed 'Border Line' (side 1 -> side 2),snapshots/20260928_124411_031364_TRIPWIRE.jpg
2026-09-28 12:44:11,1790579651.003554,INTRUSION,HIGH,person,6,person entered 'Restricted Zone',snapshots/20260928_124411_033864_INTRUSION.jpg
2026-09-28 12:44:12,1790579652.217623,GROUP_INTRUSION,HIGH,,-1,3 persons inside 'Restricted Zone',snapshots/20260928_124412_247240_GROUP_INTRUSION.jpg
2026-09-28 12:44:13,1790579653.316819,INTRUSION,HIGH,person,7,person entered 'Restricted Zone',snapshots/20260928_124413_348516_INTRUSION.jpg
2026-09-28 12:44:16,1790579656.311554,TRIPWIRE,HIGH,person,8,person crossed 'Border Line' (side 1 -> side 2),snapshots/20260928_124416_344099_TRIPWIRE.jpg
2026-09-28 12:44:16,1790579656.5081658,RUNNING,MEDIUM,person,1,person moving fast (0.31 widths/s),snapshots/20260928_124416_540108_RUNNING.jpg
2026-09-28 12:44:16,1790579656.5081658,TRIPWIRE,HIGH,person,6,person crossed 'Border Line' (side 1 -> side 2),snapshots/20260928_124416_541971_TRIPWIRE.jpg
2026-09-28 12:44:16,1790579656.609592,RUNNING,MEDIUM,person,8,person moving fast (0.45 widths/s),snapshots/20260928_124416_640803_RUNNING.jpg
2026-09-28 12:44:17,1790579657.552446,TRIPWIRE,HIGH,person,3,person crossed 'Border Line' (side 1 -> side 2),snapshots/20260928_124417_589875_TRIPWIRE.jpg
2026-09-28 12:44:21,1790579661.0817258,FACE_DETECTED,INFO,person,10,face detected on tracked person,
2026-09-28 12:44:21,1790579661.615699,FACE_DETECTED,INFO,person,1,face detected on tracked person,
2026-09-28 12:44:25,1790579665.14548,LOITERING,MEDIUM,person,1,person stationary > 8s,snapshots/20260928_124425_189883_LOITERING.jpg
2026-09-28 12:44:25,1790579665.352492,TRIPWIRE,HIGH,person,2,person crossed 'Border Line' (side 1 -> side 2),snapshots/20260928_124425_383340_TRIPWIRE.jpg
2026-09-28 12:44:25,1790579665.352492,RUNNING,MEDIUM,person,2,person moving fast (0.35 widths/s),snapshots/20260928_124425_385210_RUNNING.jpg
2026-09-28 12:44:30,1790579670.645257,FACE_DETECTED,INFO,person,2,face detected on tracked person,
2026-09-28 12:44:31,1790579671.64516,TRIPWIRE,HIGH,person,1,person crossed 'Border Line' (side 2 -> side 1),snapshots/20260928_124431_685006_TRIPWIRE.jpg
2026-09-28 12:44:32,1790579672.046175,INTRUSION,HIGH,person,1,person entered 'Restricted Zone',snapshots/20260928_124432_079953_INTRUSION.jpg
2026-09-28 12:44:32,1790579672.143919,INTRUSION,HIGH,person,23,person entered 'Restricted Zone',snapshots/20260928_124432_179757_INTRUSION.jpg
2026-09-28 12:44:34,1790579674.9165308,RUNNING,MEDIUM,person,25,person moving fast (0.40 widths/s),snapshots/20260928_124434_948741_RUNNING.jpg
2026-09-28 12:44:35,1790579675.117339,RUNNING,MEDIUM,person,23,person moving fast (0.32 widths/s),snapshots/20260928_124435_150375_RUNNING.jpg
2026-09-28 12:44:36,1790579676.216218,INTRUSION,HIGH,person,27,person entered 'Restricted Zone',snapshots/20260928_124436_256224_INTRUSION.jpg
2026-09-28 12:44:38,1790579678.15053,TRIPWIRE,HIGH,person,2,person crossed 'Border Line' (side 2 -> side 1),snapshots/20260928_124438_182206_TRIPWIRE.jpg
2026-09-28 12:44:39,1790579679.4391968,INTRUSION,HIGH,person,23,person entered 'Restricted Zone',snapshots/20260928_124439_469638_INTRUSION.jpg
2026-09-28 12:44:41,1790579681.6742651,INTRUSION,HIGH,person,23,person entered 'Restricted Zone',snapshots/20260928_124441_706898_INTRUSION.jpg
2026-09-28 12:44:42,1790579682.080241,INTRUSION,HIGH,person,31,person entered 'Restricted Zone',snapshots/20260928_124442_112712_INTRUSION.jpg
2026-09-28 12:44:42,1790579682.080241,GROUP_INTRUSION,HIGH,,-1,3 persons inside 'Restricted Zone',snapshots/20260928_124442_114710_GROUP_INTRUSION.jpg
2026-09-28 12:44:42,1790579682.6729972,LOITERING,MEDIUM,person,10,person stationary > 8s,snapshots/20260928_124442_705977_LOITERING.jpg
2026-09-28 12:44:42,1790579682.8736708,LOITERING,MEDIUM,person,2,person stationary > 8s,snapshots/20260928_124442_904120_LOITERING.jpg
2026-09-28 12:44:47,1790579687.207541,INTRUSION,HIGH,person,35,person entered 'Restricted Zone',snapshots/20260928_124447_245870_INTRUSION.jpg
2026-09-28 12:44:49,1790579689.315506,LOITERING,MEDIUM,person,23,person stationary > 8s,snapshots/20260928_124449_350826_LOITERING.jpg
2026-09-28 12:44:49,1790579689.519274,LOITERING,MEDIUM,person,26,person stationary > 8s,snapshots/20260928_124449_551033_LOITERING.jpg
2026-09-28 12:44:52,1790579692.740921,LOITERING,MEDIUM,person,10,person stationary > 8s,snapshots/20260928_124452_775170_LOITERING.jpg
2026-09-28 12:44:53,1790579693.8558788,LOITERING,MEDIUM,person,2,person stationary > 8s,snapshots/20260928_124453_892813_LOITERING.jpg
2026-09-28 12:44:54,1790579694.9558332,INTRUSION,HIGH,person,37,person entered 'Restricted Zone',snapshots/20260928_124454_986942_INTRUSION.jpg
2026-09-28 12:46:12,1790579772.403522,GROUP_INTRUSION,HIGH,,-1,3 persons inside 'Restricted Zone',snapshots/20260928_124612_433020_GROUP_INTRUSION.jpg
2026-09-28 12:46:12,1790579772.60648,INTRUSION,HIGH,person,2,person entered 'Restricted Zone',snapshots/20260928_124612_667425_INTRUSION.jpg
2026-09-28 12:46:12,1790579772.60648,INTRUSION,HIGH,person,3,person entered 'Restricted Zone',snapshots/20260928_124612_669160_INTRUSION.jpg
2026-09-28 12:46:12,1790579772.60648,INTRUSION,HIGH,person,5,person entered 'Restricted Zone',snapshots/20260928_124612_670655_INTRUSION.jpg
2026-09-28 12:46:13,1790579773.030507,GROUP_INTRUSION,HIGH,,-1,3 persons inside 'Restricted Zone',snapshots/20260928_124613_059554_GROUP_INTRUSION.jpg
2026-09-28 12:46:13,1790579773.2297978,INTRUSION,HIGH,person,2,person entered 'Restricted Zone',snapshots/20260928_124613_273862_INTRUSION.jpg
2026-09-28 12:46:13,1790579773.2297978,INTRUSION,HIGH,person,4,person entered 'Restricted Zone',snapshots/20260928_124613_276316_INTRUSION.jpg
2026-09-28 12:46:13,1790579773.2297978,INTRUSION,HIGH,person,5,person entered 'Restricted Zone',snapshots/20260928_124613_277923_INTRUSION.jpg
2026-09-28 12:46:13,1790579773.530504,TRIPWIRE,HIGH,person,1,person crossed 'Border Line' (side 2 -> side 1),snapshots/20260928_124613_557821_TRIPWIRE.jpg
2026-09-28 12:46:14,1790579774.063803,FACE_DETECTED,INFO,person,1,face detected on tracked person,
2026-09-28 12:46:14,1790579774.196859,FACE_DETECTED,INFO,person,1,face detected on tracked person,
2026-09-28 12:46:14,1790579774.601918,TRIPWIRE,HIGH,person,3,person crossed 'Border Line' (side 2 -> side 1),snapshots/20260928_124614_637783_TRIPWIRE.jpg
2026-09-28 12:46:14,1790579774.664741,TRIPWIRE,HIGH,person,1,person crossed 'Border Line' (side 2 -> side 1),snapshots/20260928_124614_701024_TRIPWIRE.jpg
2026-09-28 12:46:14,1790579774.6985621,RUNNING,MEDIUM,person,3,person moving fast (0.35 widths/s),snapshots/20260928_124614_742020_RUNNING.jpg
2026-09-28 12:46:14,1790579774.7971141,INTRUSION,HIGH,person,3,person entered 'Restricted Zone',snapshots/20260928_124614_833242_INTRUSION.jpg
2026-09-28 12:46:14,1790579774.864277,INTRUSION,HIGH,person,1,person entered 'Restricted Zone',snapshots/20260928_124614_896096_INTRUSION.jpg
2026-09-28 12:46:14,1790579774.898638,RUNNING,MEDIUM,person,1,person moving fast (0.30 widths/s),snapshots/20260928_124614_935169_RUNNING.jpg
2026-09-28 12:46:15,1790579774.968819,RUNNING,MEDIUM,person,1,person moving fast (0.30 widths/s),snapshots/20260928_124615_001989_RUNNING.jpg
2026-09-28 12:46:15,1790579774.968819,RUNNING,MEDIUM,person,7,person moving fast (0.45 widths/s),snapshots/20260928_124615_004004_RUNNING.jpg
2026-09-28 12:46:15,1790579774.9982238,RUNNING,MEDIUM,person,7,person moving fast (0.54 widths/s),snapshots/20260928_124615_034666_RUNNING.jpg
2026-09-28 12:46:15,1790579775.064406,RUNNING,MEDIUM,person,8,person moving fast (0.54 widths/s),snapshots/20260928_124615_117388_RUNNING.jpg
2026-09-28 12:46:15,1790579775.064406,FACE_DETECTED,INFO,person,9,face detected on tracked person,
2026-09-28 12:46:15,1790579775.498574,RUNNING,MEDIUM,person,8,person moving fast (0.37 widths/s),snapshots/20260928_124615_533457_RUNNING.jpg
2026-09-28 12:46:15,1790579775.6986,TRIPWIRE,HIGH,person,7,person crossed 'Border Line' (side 2 -> side 1),snapshots/20260928_124615_744504_TRIPWIRE.jpg
2026-09-28 12:46:15,1790579775.729748,TRIPWIRE,HIGH,person,8,person crossed 'Border Line' (side 2 -> side 1),snapshots/20260928_124615_764791_TRIPWIRE.jpg
2026-09-28 12:46:16,1790579776.201272,FACE_DETECTED,INFO,person,9,face detected on tracked person,
2026-09-28 12:46:20,1790579780.031362,FACE_DETECTED,INFO,person,8,face detected on tracked person,
2026-09-28 12:46:21,1790579781.8985422,RUNNING,MEDIUM,person,15,person moving fast (0.39 widths/s),snapshots/20260928_124621_929795_RUNNING.jpg
2026-09-28 12:46:22,1790579781.9992971,INTRUSION,HIGH,person,1,person entered 'Restricted Zone',snapshots/20260928_124622_033116_INTRUSION.jpg
2026-09-28 12:46:22,1790579781.9992971,INTRUSION,HIGH,person,17,person entered 'Restricted Zone',snapshots/20260928_124622_035359_INTRUSION.jpg
2026-09-28 12:46:22,1790579782.031871,INTRUSION,HIGH,person,6,person entered 'Restricted Zone',snapshots/20260928_124622_086694_INTRUSION.jpg
2026-09-28 12:46:22,1790579782.031871,INTRUSION,HIGH,person,16,person entered 'Restricted Zone',snapshots/20260928_124622_088503_INTRUSION.jpg
2026-09-28 12:46:22,1790579782.3010108,RUNNING,MEDIUM,person,17,person moving fast (0.36 widths/s),snapshots/20260928_124622_332969_RUNNING.jpg
2026-09-28 12:46:22,1790579782.331064,RUNNING,MEDIUM,person,16,person moving fast (0.33 widths/s),snapshots/20260928_124622_372542_RUNNING.jpg
2026-09-28 12:46:22,1790579782.331064,INTRUSION,HIGH,person,18,person entered 'Restricted Zone',snapshots/20260928_124622_375561_INTRUSION.jpg
2026-09-28 12:46:22,1790579782.399549,INTRUSION,HIGH,person,19,person entered 'Restricted Zone',snapshots/20260928_124622_433287_INTRUSION.jpg
2026-09-28 12:46:22,1790579782.430746,GROUP_INTRUSION,HIGH,,-1,3 persons inside 'Restricted Zone',snapshots/20260928_124622_474706_GROUP_INTRUSION.jpg
2026-09-28 12:46:22,1790579782.499496,TRIPWIRE,HIGH,person,15,person crossed 'Border Line' (side 1 -> side 2),snapshots/20260928_124622_532342_TRIPWIRE.jpg
2026-09-28 12:46:22,1790579782.5311968,TRIPWIRE,HIGH,person,7,person crossed 'Border Line' (side 1 -> side 2),snapshots/20260928_124622_582742_TRIPWIRE.jpg
2026-09-28 12:46:22,1790579782.698006,FACE_DETECTED,INFO,person,15,face detected on tracked person,
2026-09-28 12:46:22,1790579782.698006,FACE_DETECTED,INFO,person,17,face detected on tracked person,
2026-09-28 12:46:23,1790579783.032348,FACE_DETECTED,INFO,person,7,face detected on tracked person,
2026-09-28 12:46:23,1790579783.032348,FACE_DETECTED,INFO,person,16,face detected on tracked person,
2026-09-28 12:46:23,1790579783.0985758,GROUP_INTRUSION,HIGH,,-1,3 persons inside 'Restricted Zone',snapshots/20260928_124623_130912_GROUP_INTRUSION.jpg
2026-09-28 12:46:26,1790579786.232505,INTRUSION,HIGH,person,20,person entered 'Restricted Zone',snapshots/20260928_124626_269135_INTRUSION.jpg
2026-09-28 12:46:26,1790579786.300735,INTRUSION,HIGH,person,22,person entered 'Restricted Zone',snapshots/20260928_124626_336078_INTRUSION.jpg
2026-09-28 12:46:30,1790579790.001767,LOITERING,MEDIUM,person,3,person stationary > 8s,snapshots/20260928_124630_032119_LOITERING.jpg
2026-09-28 12:46:30,1790579790.232387,LOITERING,MEDIUM,person,17,person stationary > 8s,snapshots/20260928_124630_267843_LOITERING.jpg
2026-09-28 12:46:31,1790579791.132153,INTRUSION,HIGH,person,20,person entered 'Restricted Zone',snapshots/20260928_124631_166923_INTRUSION.jpg
2026-09-28 12:46:31,1790579791.1996381,INTRUSION,HIGH,person,19,person entered 'Restricted Zone',snapshots/20260928_124631_238720_INTRUSION.jpg
2026-09-28 12:46:31,1790579791.43294,INTRUSION,HIGH,person,19,person entered 'Restricted Zone',snapshots/20260928_124631_467805_INTRUSION.jpg
2026-09-28 12:46:31,1790579791.600993,INTRUSION,HIGH,person,21,person entered 'Restricted Zone',snapshots/20260928_124631_633232_INTRUSION.jpg
2026-09-28 12:46:31,1790579791.899679,INTRUSION,HIGH,person,26,person entered 'Restricted Zone',snapshots/20260928_124631_931331_INTRUSION.jpg
2026-09-28 12:46:31,1790579791.932352,INTRUSION,HIGH,person,25,person entered 'Restricted Zone',snapshots/20260928_124631_968032_INTRUSION.jpg
2026-09-28 12:46:32,1790579792.202942,INTRUSION,HIGH,person,27,person entered 'Restricted Zone',snapshots/20260928_124632_246759_INTRUSION.jpg
2026-09-28 12:46:32,1790579792.2333262,INTRUSION,HIGH,person,26,person entered 'Restricted Zone',snapshots/20260928_124632_269159_INTRUSION.jpg
2026-09-28 12:46:32,1790579792.432978,GROUP_INTRUSION,HIGH,,-1,3 persons inside 'Restricted Zone',snapshots/20260928_124632_468536_GROUP_INTRUSION.jpg
2026-09-28 12:46:32,1790579792.899991,TRIPWIRE,HIGH,person,15,person crossed 'Border Line' (side 2 -> side 1),snapshots/20260928_124632_932647_TRIPWIRE.jpg
2026-09-28 12:46:32,1790579792.932686,TRIPWIRE,HIGH,person,7,person crossed 'Border Line' (side 2 -> side 1),snapshots/20260928_124632_970202_TRIPWIRE.jpg
2026-09-28 12:46:33,1790579793.807512,GROUP_INTRUSION,HIGH,,-1,3 persons inside 'Restricted Zone',snapshots/20260928_124633_837658_GROUP_INTRUSION.jpg
2026-09-28 12:46:35,1790579795.031735,FACE_DETECTED,INFO,person,24,face detected on tracked person,
2026-09-28 12:46:35,1790579795.201013,FACE_DETECTED,INFO,person,21,face detected on tracked person,
2026-09-28 12:46:35,1790579795.201013,FACE_DETECTED,INFO,person,25,face detected on tracked person,
2026-09-28 12:46:35,1790579795.5337799,FACE_DETECTED,INFO,person,19,face detected on tracked person,
2026-09-28 12:46:37,1790579797.701359,INTRUSION,HIGH,person,32,person entered 'Restricted Zone',snapshots/20260928_124637_734743_INTRUSION.jpg
2026-09-28 12:46:37,1790579797.8075242,LOITERING,MEDIUM,person,21,person stationary > 8s,snapshots/20260928_124637_840974_LOITERING.jpg
2026-09-28 12:46:38,1790579798.9049978,LOITERING,MEDIUM,person,7,person stationary > 8s,snapshots/20260928_124638_935957_LOITERING.jpg
2026-09-28 12:46:39,1790579799.0340219,LOITERING,MEDIUM,person,8,person stationary > 8s,snapshots/20260928_124639_070099_LOITERING.jpg
2026-09-28 12:46:39,1790579799.503854,LOITERING,MEDIUM,person,25,person stationary > 8s,snapshots/20260928_124639_538181_LOITERING.jpg
2026-09-28 12:46:39,1790579799.503854,LOITERING,MEDIUM,person,26,person stationary > 8s,snapshots/20260928_124639_540402_LOITERING.jpg
2026-09-28 12:46:39,1790579799.533705,LOITERING,MEDIUM,person,24,person stationary > 8s,snapshots/20260928_124639_569392_LOITERING.jpg
2026-09-28 12:46:39,1790579799.6336699,INTRUSION,HIGH,person,30,person entered 'Restricted Zone',snapshots/20260928_124639_671283_INTRUSION.jpg
2026-09-28 12:46:40,1790579800.100186,LOITERING,MEDIUM,person,3,person stationary > 8s,snapshots/20260928_124640_133956_LOITERING.jpg
2026-09-28 12:46:42,1790579802.2672908,INTRUSION,HIGH,person,30,person entered 'Restricted Zone',snapshots/20260928_124642_302491_INTRUSION.jpg
2026-09-28 12:46:42,1790579802.4355211,INTRUSION,HIGH,person,35,person entered 'Restricted Zone',snapshots/20260928_124642_464643_INTRUSION.jpg
2026-09-28 12:46:43,1790579803.033688,INTRUSION,HIGH,person,36,person entered 'Restricted Zone',snapshots/20260928_124643_067422_INTRUSION.jpg
2026-09-28 12:46:43,1790579803.0999591,INTRUSION,HIGH,person,34,person entered 'Restricted Zone',snapshots/20260928_124643_137715_INTRUSION.jpg
2026-09-28 12:46:43,1790579803.234438,FACE_DETECTED,INFO,person,35,face detected on tracked person,
2026-09-28 12:46:43,1790579803.5007648,GROUP_INTRUSION,HIGH,,-1,3 persons inside 'Restricted Zone',snapshots/20260928_124643_530643_GROUP_INTRUSION.jpg
2026-09-28 12:46:43,1790579803.835159,INTRUSION,HIGH,person,25,person entered 'Restricted Zone',snapshots/20260928_124643_867604_INTRUSION.jpg
2026-09-28 12:46:43,1790579803.835159,GROUP_INTRUSION,HIGH,,-1,3 persons inside 'Restricted Zone',snapshots/20260928_124643_869480_GROUP_INTRUSION.jpg
2026-09-28 12:46:44,1790579804.2072802,INTRUSION,HIGH,person,31,person entered 'Restricted Zone',snapshots/20260928_124644_237964_INTRUSION.jpg
2026-09-28 12:46:45,1790579805.036463,TRIPWIRE,HIGH,person,15,person crossed 'Border Line' (side 2 -> side 1),snapshots/20260928_124645_066421_TRIPWIRE.jpg
2026-09-28 12:46:45,1790579805.036463,LOITERING,MEDIUM,person,30,person stationary > 8s,snapshots/20260928_124645_068414_LOITERING.jpg
2026-09-28 12:46:45,1790579805.068161,TRIPWIRE,HIGH,person,7,person crossed 'Border Line' (side 2 -> side 1),snapshots/20260928_124645_115262_TRIPWIRE.jpg
2026-09-28 12:46:45,1790579805.068161,LOITERING,MEDIUM,person,28,person stationary > 8s,snapshots/20260928_124645_117064_LOITERING.jpg
2026-09-28 12:46:49,1790579809.937802,LOITERING,MEDIUM,person,21,person stationary > 8s,snapshots/20260928_124649_967151_LOITERING.jpg
2026-09-28 12:46:52,1790579812.2689312,INTRUSION,HIGH,person,35,person entered 'Restricted Zone',snapshots/20260928_124652_302701_INTRUSION.jpg
2026-09-28 12:46:52,1790579812.335489,LOITERING,MEDIUM,person,37,person stationary > 8s,snapshots/20260928_124652_367693_LOITERING.jpg
2026-09-28 12:46:52,1790579812.374912,LOITERING,MEDIUM,person,36,person stationary > 8s,snapshots/20260928_124652_408589_LOITERING.jpg
2026-09-28 12:46:52,1790579812.4375622,LOITERING,MEDIUM,person,3,person stationary > 8s,snapshots/20260928_124652_470903_LOITERING.jpg
2026-09-28 12:46:52,1790579812.4689012,LOITERING,MEDIUM,person,27,person stationary > 8s,snapshots/20260928_124652_503618_LOITERING.jpg
2026-09-28 12:46:52,1790579812.739011,INTRUSION,HIGH,person,39,person entered 'Restricted Zone',snapshots/20260928_124652_772861_INTRUSION.jpg
2026-09-28 12:46:53,1790579812.969171,INTRUSION,HIGH,person,38,person entered 'Restricted Zone',snapshots/20260928_124653_004238_INTRUSION.jpg
2026-09-28 12:46:53,1790579813.335627,LOITERING,MEDIUM,person,15,person stationary > 8s,snapshots/20260928_124653_368601_LOITERING.jpg
2026-09-28 12:46:53,1790579813.468074,LOITERING,MEDIUM,person,7,person stationary > 8s,snapshots/20260928_124653_502517_LOITERING.jpg
2026-09-28 12:46:53,1790579813.637213,INTRUSION,HIGH,person,40,person entered 'Restricted Zone',snapshots/20260928_124653_668228_INTRUSION.jpg
2026-09-28 12:46:54,1790579814.436223,GROUP_INTRUSION,HIGH,,-1,3 persons inside 'Restricted Zone',snapshots/20260928_124654_468545_GROUP_INTRUSION.jpg
2026-09-28 12:46:54,1790579814.636279,INTRUSION,HIGH,person,42,person entered 'Restricted Zone',snapshots/20260928_124654_668221_INTRUSION.jpg
2026-09-28 12:46:56,1790579816.069886,FACE_DETECTED,INFO,person,39,face detected on tracked person,
2026-09-28 12:46:56,1790579816.536725,LOITERING,MEDIUM,person,30,person stationary > 8s,snapshots/20260928_124656_565817_LOITERING.jpg
2026-09-28 12:46:56,1790579816.568434,LOITERING,MEDIUM,person,28,person stationary > 8s,snapshots/20260928_124656_613200_LOITERING.jpg
2026-09-28 12:46:56,1790579816.674442,GROUP_INTRUSION,HIGH,,-1,3 persons inside 'Restricted Zone',snapshots/20260928_124656_710394_GROUP_INTRUSION.jpg
2026-09-28 12:46:56,1790579816.871258,INTRUSION,HIGH,person,43,person entered 'Restricted Zone',snapshots/20260928_124656_906928_INTRUSION.jpg
2026-09-28 12:46:56,1790579816.935746,INTRUSION,HIGH,person,45,person entered 'Restricted Zone',snapshots/20260928_124656_966570_INTRUSION.jpg
2026-09-28 12:46:58,1790579818.46869,LOITERING,MEDIUM,person,35,person stationary > 8s,snapshots/20260928_124658_502990_LOITERING.jpg
2026-09-28 12:46:58,1790579818.568809,LOITERING,MEDIUM,person,39,person stationary > 8s,snapshots/20260928_124658_610738_LOITERING.jpg
2026-09-28 12:46:58,1790579818.736502,LOITERING,MEDIUM,person,39,person stationary > 8s,snapshots/20260928_124658_771124_LOITERING.jpg
2026-09-28 12:46:59,1790579819.368469,INTRUSION,HIGH,person,43,person entered 'Restricted Zone',snapshots/20260928_124659_403841_INTRUSION.jpg
2026-09-28 12:47:00,1790579820.036982,LOITERING,MEDIUM,person,21,person stationary > 8s,snapshots/20260928_124700_066054_LOITERING.jpg
2026-09-28 12:47:01,1790579821.8746612,LOITERING,MEDIUM,person,40,person stationary > 8s,snapshots/20260928_124701_907182_LOITERING.jpg
2026-09-28 12:47:02,1790579822.169152,LOITERING,MEDIUM,person,38,person stationary > 8s,snapshots/20260928_124702_205357_LOITERING.jpg
2026-09-28 12:47:02,1790579822.235803,LOITERING,MEDIUM,person,42,person stationary > 8s,snapshots/20260928_124702_272189_LOITERING.jpg
2026-09-28 12:47:02,1790579822.9356182,LOITERING,MEDIUM,person,37,person stationary > 8s,snapshots/20260928_124702_966067_LOITERING.jpg
2026-09-28 12:47:03,1790579822.975532,LOITERING,MEDIUM,person,36,person stationary > 8s,snapshots/20260928_124703_008885_LOITERING.jpg
2026-09-28 12:47:03,1790579823.34014,LOITERING,MEDIUM,person,15,person stationary > 8s,snapshots/20260928_124703_368919_LOITERING.jpg
2026-09-28 12:47:03,1790579823.469398,LOITERING,MEDIUM,person,7,person stationary > 8s,snapshots/20260928_124703_505228_LOITERING.jpg
2026-09-28 12:47:03,1790579823.6372192,TRIPWIRE,HIGH,person,15,person crossed 'Border Line' (side 1 -> side 2),snapshots/20260928_124703_668956_TRIPWIRE.jpg
2026-09-28 12:47:03,1790579823.6702578,TRIPWIRE,HIGH,person,7,person crossed 'Border Line' (side 1 -> side 2),snapshots/20260928_124703_712299_TRIPWIRE.jpg
2026-09-28 12:47:04,1790579824.5387971,GROUP_INTRUSION,HIGH,,-1,3 persons inside 'Restricted Zone',snapshots/20260928_124704_568035_GROUP_INTRUSION.jpg
2026-09-28 12:47:04,1790579824.73656,INTRUSION,HIGH,person,48,person entered 'Restricted Zone',snapshots/20260928_124704_781780_INTRUSION.jpg
2026-09-28 12:47:06,1790579826.570789,LOITERING,MEDIUM,person,28,person stationary > 8s,snapshots/20260928_124706_610671_LOITERING.jpg
2026-09-28 12:47:06,1790579826.6034791,LOITERING,MEDIUM,person,30,person stationary > 8s,snapshots/20260928_124706_637419_LOITERING.jpg
2026-09-28 12:47:07,1790579826.972775,INTRUSION,HIGH,person,46,person entered 'Restricted Zone',snapshots/20260928_124707_001749_INTRUSION.jpg
2026-09-28 12:47:07,1790579826.972775,GROUP_INTRUSION,HIGH,,-1,3 persons inside 'Restricted Zone',snapshots/20260928_124707_003795_GROUP_INTRUSION.jpg
2026-09-28 12:47:07,1790579827.0030541,INTRUSION,HIGH,person,49,person entered 'Restricted Zone',snapshots/20260928_124707_038062_INTRUSION.jpg
2026-09-28 12:47:08,1790579828.571993,LOITERING,MEDIUM,person,39,person stationary > 8s,snapshots/20260928_124708_603814_LOITERING.jpg
2026-09-28 12:47:09,1790579829.004578,LOITERING,MEDIUM,person,46,person stationary > 8s,snapshots/20260928_124709_036025_LOITERING.jpg
2026-09-28 12:47:10,1790579830.104226,LOITERING,MEDIUM,person,21,person stationary > 8s,snapshots/20260928_124710_134483_LOITERING.jpg
2026-09-28 12:47:11,1790579831.938272,LOITERING,MEDIUM,person,40,person stationary > 8s,snapshots/20260928_124711_969399_LOITERING.jpg
2026-09-28 12:47:12,1790579832.570069,LOITERING,MEDIUM,person,42,person stationary > 8s,snapshots/20260928_124712_602234_LOITERING.jpg
2026-09-28 12:47:12,1790579832.570069,LOITERING,MEDIUM,person,49,person stationary > 8s,snapshots/20260928_124712_604178_LOITERING.jpg
2026-09-28 12:47:12,1790579832.637121,LOITERING,MEDIUM,person,46,person stationary > 8s,snapshots/20260928_124712_666313_LOITERING.jpg
2026-09-28 12:47:13,1790579833.3711958,LOITERING,MEDIUM,person,39,person stationary > 8s,snapshots/20260928_124713_401337_LOITERING.jpg
2026-09-28 12:47:13,1790579833.437896,LOITERING,MEDIUM,person,43,person stationary > 8s,snapshots/20260928_124713_466219_LOITERING.jpg
2026-09-28 12:47:13,1790579833.6711738,INTRUSION,HIGH,person,21,person entered 'Restricted Zone',snapshots/20260928_124713_708065_INTRUSION.jpg
2026-09-28 12:47:14,1790579834.0415502,RUNNING,MEDIUM,person,38,person moving fast (0.31 widths/s),snapshots/20260928_124714_075811_RUNNING.jpg
2026-09-28 12:47:16,1790579836.605837,LOITERING,MEDIUM,person,28,person stationary > 8s,snapshots/20260928_124716_633890_LOITERING.jpg
2026-09-28 12:47:16,1790579836.637973,LOITERING,MEDIUM,person,30,person stationary > 8s,snapshots/20260928_124716_674276_LOITERING.jpg
2026-09-28 12:47:17,1790579837.1376588,GROUP_INTRUSION,HIGH,,-1,3 persons inside 'Restricted Zone',snapshots/20260928_124717_174978_GROUP_INTRUSION.jpg
2026-09-28 12:47:17,1790579837.438717,INTRUSION,HIGH,person,55,person entered 'Restricted Zone',snapshots/20260928_124717_471480_INTRUSION.jpg
2026-09-28 12:47:17,1790579837.572144,INTRUSION,HIGH,person,51,person entered 'Restricted Zone',snapshots/20260928_124717_605160_INTRUSION.jpg
2026-09-28 12:47:18,1790579838.073295,GROUP_INTRUSION,HIGH,,-1,3 persons inside 'Restricted Zone',snapshots/20260928_124718_105152_GROUP_INTRUSION.jpg
2026-09-28 12:47:18,1790579838.171991,INTRUSION,HIGH,person,38,person entered 'Restricted Zone',snapshots/20260928_124718_206514_INTRUSION.jpg
2026-09-28 12:47:18,1790579838.438447,RUNNING,MEDIUM,person,15,person moving fast (0.37 widths/s),snapshots/20260928_124718_467837_RUNNING.jpg
2026-09-28 12:47:18,1790579838.8718,TRIPWIRE,HIGH,person,52,person crossed 'Border Line' (side 1 -> side 2),snapshots/20260928_124718_904469_TRIPWIRE.jpg
2026-09-28 12:47:18,1790579838.938109,TRIPWIRE,HIGH,person,56,person crossed 'Border Line' (side 1 -> side 2),snapshots/20260928_124718_967528_TRIPWIRE.jpg
2026-09-28 12:47:19,1790579839.036049,LOITERING,MEDIUM,person,46,person stationary > 8s,snapshots/20260928_124719_067456_LOITERING.jpg
2026-09-28 12:47:20,1790579840.038655,INTRUSION,HIGH,person,21,person entered 'Restricted Zone',snapshots/20260928_124720_069490_INTRUSION.jpg
2026-09-28 12:47:20,1790579840.0717282,INTRUSION,HIGH,person,7,person entered 'Restricted Zone',snapshots/20260928_124720_111467_INTRUSION.jpg
2026-09-28 12:47:20,1790579840.4413319,FACE_DETECTED,INFO,person,52,face detected on tracked person,
2026-09-28 12:47:20,1790579840.639103,FACE_DETECTED,INFO,person,56,face detected on tracked person,
2026-09-28 12:47:21,1790579840.971178,INTRUSION,HIGH,person,53,person entered 'Restricted Zone',snapshots/20260928_124721_010344_INTRUSION.jpg
2026-09-28 12:47:22,1790579842.238577,INTRUSION,HIGH,person,57,person entered 'Restricted Zone',snapshots/20260928_124722_268523_INTRUSION.jpg
2026-09-28 12:47:23,1790579843.641942,FACE_DETECTED,INFO,person,46,face detected on tracked person,
2026-09-28 12:47:23,1790579843.939491,RUNNING,MEDIUM,person,56,person moving fast (0.50 widths/s),snapshots/20260928_124723_968943_RUNNING.jpg
2026-09-28 12:47:24,1790579844.372215,RUNNING,MEDIUM,person,52,person moving fast (0.57 widths/s),snapshots/20260928_124724_405661_RUNNING.jpg
2026-09-28 12:47:26,1790579846.339796,LOITERING,MEDIUM,person,55,person stationary > 8s,snapshots/20260928_124726_372340_LOITERING.jpg
2026-09-28 12:47:26,1790579846.372299,LOITERING,MEDIUM,person,39,person stationary > 8s,snapshots/20260928_124726_406881_LOITERING.jpg
2026-09-28 12:47:27,1790579847.139296,GROUP_INTRUSION,HIGH,,-1,3 persons inside 'Restricted Zone',snapshots/20260928_124727_183413_GROUP_INTRUSION.jpg
2026-09-28 12:47:28,1790579848.171133,GROUP_INTRUSION,HIGH,,-1,3 persons inside 'Restricted Zone',snapshots/20260928_124728_204923_GROUP_INTRUSION.jpg
2026-09-28 12:47:28,1790579848.872734,LOITERING,MEDIUM,person,7,person stationary > 8s,snapshots/20260928_124728_906817_LOITERING.jpg
2026-09-28 12:47:29,1790579849.139838,LOITERING,MEDIUM,person,39,person stationary > 8s,snapshots/20260928_124729_173776_LOITERING.jpg
2026-09-28 12:47:29,1790579849.139838,INTRUSION,HIGH,person,55,person entered 'Restricted Zone',snapshots/20260928_124729_176241_INTRUSION.jpg
2026-09-28 12:47:29,1790579849.172176,LOITERING,MEDIUM,person,43,person stationary > 8s,snapshots/20260928_124729_206233_LOITERING.jpg
2026-09-28 12:47:29,1790579849.272597,LOITERING,MEDIUM,person,54,person stationary > 8s,snapshots/20260928_124729_307364_LOITERING.jpg
2026-09-28 12:47:29,1790579849.374332,INTRUSION,HIGH,person,61,person entered 'Restricted Zone',snapshots/20260928_124729_406803_INTRUSION.jpg
2026-09-28 12:47:29,1790579849.540117,LOITERING,MEDIUM,person,46,person stationary > 8s,snapshots/20260928_124729_570231_LOITERING.jpg
2026-09-28 12:47:29,1790579849.540117,LOITERING,MEDIUM,person,57,person stationary > 8s,snapshots/20260928_124729_572158_LOITERING.jpg
2026-09-28 12:47:31,1790579851.143301,INTRUSION,HIGH,person,67,person entered 'Restricted Zone',snapshots/20260928_124731_180185_INTRUSION.jpg
2026-09-28 12:47:31,1790579851.3733902,INTRUSION,HIGH,person,63,person entered 'Restricted Zone',snapshots/20260928_124731_406547_INTRUSION.jpg
2026-09-28 12:47:31,1790579851.641922,FACE_DETECTED,INFO,person,57,face detected on tracked person,
2026-09-28 12:47:31,1790579851.777678,LOITERING,MEDIUM,person,56,person stationary > 8s,snapshots/20260928_124731_810329_LOITERING.jpg
2026-09-28 12:47:31,1790579851.777678,INTRUSION,HIGH,person,62,person entered 'Restricted Zone',snapshots/20260928_124731_812442_INTRUSION.jpg
2026-09-28 12:47:32,1790579852.2392771,INTRUSION,HIGH,person,65,person entered 'Restricted Zone',snapshots/20260928_124732_268074_INTRUSION.jpg
2026-09-28 12:47:32,1790579852.273021,INTRUSION,HIGH,person,39,person entered 'Restricted Zone',snapshots/20260928_124732_307756_INTRUSION.jpg
2026-09-28 12:47:33,1790579853.638867,RUNNING,MEDIUM,person,65,person moving fast (0.35 widths/s),snapshots/20260928_124733_680186_RUNNING.jpg
2026-09-28 12:47:33,1790579853.739699,TRIPWIRE,HIGH,person,57,person crossed 'Border Line' (side 1 -> side 2),snapshots/20260928_124733_771308_TRIPWIRE.jpg
2026-09-28 12:47:33,1790579853.872694,TRIPWIRE,HIGH,person,7,person crossed 'Border Line' (side 1 -> side 2),snapshots/20260928_124733_906517_TRIPWIRE.jpg
2026-09-28 12:47:35,1790579854.973251,FACE_DETECTED,INFO,person,43,face detected on tracked person,
2026-09-28 12:47:35,1790579855.875253,TRIPWIRE,HIGH,person,67,person crossed 'Border Line' (side 1 -> side 2),snapshots/20260928_124735_907566_TRIPWIRE.jpg
2026-09-28 12:47:36,1790579856.2746549,LOITERING,MEDIUM,person,60,person stationary > 8s,snapshots/20260928_124736_305677_LOITERING.jpg
2026-09-28 12:47:36,1790579856.639385,INTRUSION,HIGH,person,70,person entered 'Restricted Zone',snapshots/20260928_124736_676501_INTRUSION.jpg
2026-09-28 12:47:36,1790579856.672739,INTRUSION,HIGH,person,67,person entered 'Restricted Zone',snapshots/20260928_124736_705776_INTRUSION.jpg
2026-09-28 12:47:36,1790579856.839788,RUNNING,MEDIUM,person,70,person moving fast (0.43 widths/s),snapshots/20260928_124736_873189_RUNNING.jpg
2026-09-28 12:47:36,1790579856.8736498,INTRUSION,HIGH,person,66,person entered 'Restricted Zone',snapshots/20260928_124736_909353_INTRUSION.jpg
2026-09-28 12:47:36,1790579856.8736498,RUNNING,MEDIUM,person,67,person moving fast (0.48 widths/s),snapshots/20260928_124736_911407_RUNNING.jpg
2026-09-28 12:47:37,1790579857.139897,GROUP_INTRUSION,HIGH,,-1,3 persons inside 'Restricted Zone',snapshots/20260928_124737_184188_GROUP_INTRUSION.jpg
2026-09-28 12:47:38,1790579858.172659,LOITERING,MEDIUM,person,53,person stationary > 8s,snapshots/20260928_124738_204985_LOITERING.jpg
2026-09-28 12:47:38,1790579858.172659,GROUP_INTRUSION,HIGH,,-1,3 persons inside 'Restricted Zone',snapshots/20260928_124738_207036_GROUP_INTRUSION.jpg
2026-09-28 12:47:39,1790579859.1409159,LOITERING,MEDIUM,person,39,person stationary > 8s,snapshots/20260928_124739_175024_LOITERING.jpg
2026-09-28 12:47:39,1790579859.173932,LOITERING,MEDIUM,person,43,person stationary > 8s,snapshots/20260928_124739_208486_LOITERING.jpg
2026-09-28 12:47:39,1790579859.4411762,INTRUSION,HIGH,person,57,person entered 'Restricted Zone',snapshots/20260928_124739_473099_INTRUSION.jpg
2026-09-28 12:47:39,1790579859.47338,INTRUSION,HIGH,person,7,person entered 'Restricted Zone',snapshots/20260928_124739_521157_INTRUSION.jpg
2026-09-28 12:47:39,1790579859.739746,LOITERING,MEDIUM,person,55,person stationary > 8s,snapshots/20260928_124739_767483_LOITERING.jpg
2026-09-28 12:47:39,1790579859.8407822,LOITERING,MEDIUM,person,21,person stationary > 8s,snapshots/20260928_124739_871912_LOITERING.jpg
2026-09-28 12:47:40,1790579860.339226,INTRUSION,HIGH,person,72,person entered 'Restricted Zone',snapshots/20260928_124740_368504_INTRUSION.jpg
2026-09-28 12:47:40,1790579860.639267,TRIPWIRE,HIGH,person,39,person crossed 'Border Line' (side 1 -> side 2),snapshots/20260928_124740_698596_TRIPWIRE.jpg
2026-09-28 12:47:40,1790579860.639267,RUNNING,MEDIUM,person,39,person moving fast (0.65 widths/s),snapshots/20260928_124740_702138_RUNNING.jpg
2026-09-28 12:47:40,1790579860.708886,RUNNING,MEDIUM,person,7,person moving fast (0.30 widths/s),snapshots/20260928_124740_746086_RUNNING.jpg
2026-09-28 12:47:40,1790579860.8067598,TRIPWIRE,HIGH,person,69,person crossed 'Border Line' (side 1 -> side 2),snapshots/20260928_124740_840108_TRIPWIRE.jpg
2026-09-28 12:47:41,1790579861.0743601,INTRUSION,HIGH,person,57,person entered 'Restricted Zone',snapshots/20260928_124741_104143_INTRUSION.jpg
2026-09-28 12:47:41,1790579861.1087239,INTRUSION,HIGH,person,69,person entered 'Restricted Zone',snapshots/20260928_124741_145099_INTRUSION.jpg
2026-09-28 12:47:41,1790579861.172661,LOITERING,MEDIUM,person,69,person stationary > 8s,snapshots/20260928_124741_209103_LOITERING.jpg
2026-09-28 12:47:41,1790579861.507891,LOITERING,MEDIUM,person,62,person stationary > 8s,snapshots/20260928_124741_562536_LOITERING.jpg
2026-09-28 12:47:42,1790579862.240201,RUNNING,MEDIUM,person,73,person moving fast (0.39 widths/s),snapshots/20260928_124742_282557_RUNNING.jpg
2026-09-28 12:47:42,1790579862.43909,INTRUSION,HIGH,person,73,person entered 'Restricted Zone',snapshots/20260928_124742_471969_INTRUSION.jpg
2026-09-28 12:47:42,1790579862.608784,LOITERING,MEDIUM,person,56,person stationary > 8s,snapshots/20260928_124742_654571_LOITERING.jpg
2026-09-28 12:47:42,1790579862.608784,FACE_DETECTED,INFO,person,69,face detected on tracked person,
2026-09-28 12:47:42,1790579862.709147,INTRUSION,HIGH,person,72,person entered 'Restricted Zone',snapshots/20260928_124742_741759_INTRUSION.jpg
2026-09-28 12:47:42,1790579862.739286,FACE_DETECTED,INFO,person,73,face detected on tracked person,
2026-09-28 12:47:43,1790579863.072456,FACE_DETECTED,INFO,person,72,face detected on tracked person,
2026-09-28 12:47:43,1790579863.57314,INTRUSION,HIGH,person,71,person entered 'Restricted Zone',snapshots/20260928_124743_621796_INTRUSION.jpg
2026-09-28 12:47:43,1790579863.845269,LOITERING,MEDIUM,person,70,person stationary > 8s,snapshots/20260928_124743_874654_LOITERING.jpg
2026-09-28 12:47:43,1790579863.941304,INTRUSION,HIGH,person,74,person entered 'Restricted Zone',snapshots/20260928_124743_970002_INTRUSION.jpg
2026-09-28 12:47:44,1790579863.974266,LOITERING,MEDIUM,person,67,person stationary > 8s,snapshots/20260928_124744_010028_LOITERING.jpg
2026-09-28 12:47:45,1790579865.073704,FACE_DETECTED,INFO,person,53,face detected on tracked person,
2026-09-28 12:47:45,1790579865.841759,TRIPWIRE,HIGH,person,46,person crossed 'Border Line' (side 2 -> side 1),snapshots/20260928_124745_871706_TRIPWIRE.jpg
2026-09-28 12:47:46,1790579865.97375,TRIPWIRE,HIGH,person,56,person crossed 'Border Line' (side 2 -> side 1),snapshots/20260928_124746_009376_TRIPWIRE.jpg
2026-09-28 12:47:46,1790579866.1413782,INTRUSION,HIGH,person,78,person entered 'Restricted Zone',snapshots/20260928_124746_172253_INTRUSION.jpg
2026-09-28 12:47:46,1790579866.772625,INTRUSION,HIGH,person,76,person entered 'Restricted Zone',snapshots/20260928_124746_806849_INTRUSION.jpg
2026-09-28 12:47:47,1790579867.2059572,GROUP_INTRUSION,HIGH,,-1,4 persons inside 'Restricted Zone',snapshots/20260928_124747_244767_GROUP_INTRUSION.jpg
2026-09-28 12:47:48,1790579868.007798,LOITERING,MEDIUM,person,72,person stationary > 8s,snapshots/20260928_124748_036382_LOITERING.jpg
2026-09-28 12:47:48,1790579868.241009,GROUP_INTRUSION,HIGH,,-1,5 persons inside 'Restricted Zone',snapshots/20260928_124748_274642_GROUP_INTRUSION.jpg
2026-09-28 12:47:49,1790579869.040904,FACE_DETECTED,INFO,person,76,face detected on tracked person,
2026-09-28 12:47:49,1790579869.1730509,FACE_DETECTED,INFO,person,72,face detected on tracked person,
2026-09-28 12:47:49,1790579869.1730509,FACE_DETECTED,INFO,person,74,face detected on tracked person,
2026-09-28 12:47:49,1790579869.208338,LOITERING,MEDIUM,person,43,person stationary > 8s,snapshots/20260928_124749_243685_LOITERING.jpg
2026-09-28 12:47:49,1790579869.9074,INTRUSION,HIGH,person,67,person entered 'Restricted Zone',snapshots/20260928_124749_945781_INTRUSION.jpg
2026-09-28 12:47:51,1790579870.973751,LOITERING,MEDIUM,person,73,person stationary > 8s,snapshots/20260928_124751_006549_LOITERING.jpg
2026-09-28 12:47:51,1790579871.007009,LOITERING,MEDIUM,person,72,person stationary > 8s,snapshots/20260928_124751_059202_LOITERING.jpg
2026-09-28 12:47:51,1790579871.740479,LOITERING,MEDIUM,person,69,person stationary > 8s,snapshots/20260928_124751_773540_LOITERING.jpg
2026-09-28 12:47:51,1790579871.808652,LOITERING,MEDIUM,person,60,person stationary > 8s,snapshots/20260928_124751_842647_LOITERING.jpg
2026-09-28 12:47:53,1790579873.642883,INTRUSION,HIGH,person,74,person entered 'Restricted Zone',snapshots/20260928_124753_679040_INTRUSION.jpg
2026-09-28 12:47:54,1790579874.0419211,INTRUSION,HIGH,person,84,person entered 'Restricted Zone',snapshots/20260928_124754_075838_INTRUSION.jpg
2026-09-28 12:47:54,1790579874.2064378,INTRUSION,HIGH,person,82,person entered 'Restricted Zone',snapshots/20260928_124754_235719_INTRUSION.jpg
2026-09-28 12:47:55,1790579875.640358,LOITERING,MEDIUM,person,81,person stationary > 8s,snapshots/20260928_124755_677728_LOITERING.jpg
2026-09-28 12:47:55,1790579875.706609,LOITERING,MEDIUM,person,79,person stationary > 8s,snapshots/20260928_124755_736642_LOITERING.jpg
2026-09-28 12:47:59,1790579879.443255,LOITERING,MEDIUM,person,83,person stationary > 8s,snapshots/20260928_124759_474121_LOITERING.jpg
2026-09-28 12:47:59,1790579879.481131,LOITERING,MEDIUM,person,81,person stationary > 8s,snapshots/20260928_124759_527390_LOITERING.jpg
2026-09-28 12:48:01,1790579881.008167,LOITERING,MEDIUM,person,73,person stationary > 8s,snapshots/20260928_124801_040768_LOITERING.jpg
2026-09-28 12:48:01,1790579881.076138,LOITERING,MEDIUM,person,72,person stationary > 8s,snapshots/20260928_124801_104323_LOITERING.jpg
2026-09-28 12:48:01,1790579881.74331,INTRUSION,HIGH,person,86,person entered 'Restricted Zone',snapshots/20260928_124801_778146_INTRUSION.jpg
2026-09-28 12:48:01,1790579881.80821,LOITERING,MEDIUM,person,69,person stationary > 8s,snapshots/20260928_124801_838731_LOITERING.jpg
2026-09-28 12:48:01,1790579881.80821,INTRUSION,HIGH,person,89,person entered 'Restricted Zone',snapshots/20260928_124801_840666_INTRUSION.jpg
2026-09-28 12:48:01,1790579881.840509,LOITERING,MEDIUM,person,60,person stationary > 8s,snapshots/20260928_124801_879886_LOITERING.jpg
2026-09-28 12:48:02,1790579882.341595,INTRUSION,HIGH,person,87,person entered 'Restricted Zone',snapshots/20260928_124802_375038_INTRUSION.jpg
2026-09-28 12:48:02,1790579882.341595,GROUP_INTRUSION,HIGH,,-1,3 persons inside 'Restricted Zone',snapshots/20260928_124802_377027_GROUP_INTRUSION.jpg
2026-09-28 12:48:02,1790579882.408031,GROUP_INTRUSION,HIGH,,-1,3 persons inside 'Restricted Zone',snapshots/20260928_124802_438484_GROUP_INTRUSION.jpg
2026-09-28 12:48:02,1790579882.508354,INTRUSION,HIGH,person,90,person entered 'Restricted Zone',snapshots/20260928_124802_542848_INTRUSION.jpg
2026-09-28 12:48:02,1790579882.5416389,INTRUSION,HIGH,person,88,person entered 'Restricted Zone',snapshots/20260928_124802_580140_INTRUSION.jpg
2026-09-28 12:48:02,1790579882.609807,INTRUSION,HIGH,person,92,person entered 'Restricted Zone',snapshots/20260928_124802_650343_INTRUSION.jpg
2026-09-28 12:48:04,1790579884.4454331,INTRUSION,HIGH,person,90,person entered 'Restricted Zone',snapshots/20260928_124804_491593_INTRUSION.jpg
2026-09-28 12:48:04,1790579884.475283,INTRUSION,HIGH,person,94,person entered 'Restricted Zone',snapshots/20260928_124804_506588_INTRUSION.jpg
2026-09-28 12:48:05,1790579885.245228,INTRUSION,HIGH,person,92,person entered 'Restricted Zone',snapshots/20260928_124805_274681_INTRUSION.jpg
2026-09-28 12:48:05,1790579885.67472,LOITERING,MEDIUM,person,81,person stationary > 8s,snapshots/20260928_124805_707895_LOITERING.jpg
2026-09-28 12:48:05,1790579885.740365,LOITERING,MEDIUM,person,79,person stationary > 8s,snapshots/20260928_124805_768799_LOITERING.jpg
2026-09-28 12:48:06,1790579886.380786,INTRUSION,HIGH,person,96,person entered 'Restricted Zone',snapshots/20260928_124806_410869_INTRUSION.jpg
2026-09-28 12:48:07,1790579887.909494,FACE_DETECTED,INFO,person,56,face detected on tracked person,
2026-09-28 12:48:09,1790579889.2115898,LOITERING,MEDIUM,person,56,person stationary > 8s,snapshots/20260928_124809_240192_LOITERING.jpg
2026-09-28 12:48:09,1790579889.241666,LOITERING,MEDIUM,person,46,person stationary > 8s,snapshots/20260928_124809_277827_LOITERING.jpg
2026-09-28 12:48:11,1790579891.211006,INTRUSION,HIGH,person,101,person entered 'Restricted Zone',snapshots/20260928_124811_244581_INTRUSION.jpg
2026-09-28 12:48:11,1790579891.282547,INTRUSION,HIGH,person,97,person entered 'Restricted Zone',snapshots/20260928_124811_313610_INTRUSION.jpg
2026-09-28 12:48:11,1790579891.476484,INTRUSION,HIGH,person,98,person entered 'Restricted Zone',snapshots/20260928_124811_507586_INTRUSION.jpg
2026-09-28 12:48:11,1790579891.610131,INTRUSION,HIGH,person,102,person entered 'Restricted Zone',snapshots/20260928_124811_641677_INTRUSION.jpg
2026-09-28 12:48:11,1790579891.810443,LOITERING,MEDIUM,person,69,person stationary > 8s,snapshots/20260928_124811_843152_LOITERING.jpg
2026-09-28 12:48:11,1790579891.881427,LOITERING,MEDIUM,person,60,person stationary > 8s,snapshots/20260928_124811_923324_LOITERING.jpg
2026-09-28 12:48:12,1790579892.581902,LOITERING,MEDIUM,person,86,person stationary > 8s,snapshots/20260928_124812_612385_LOITERING.jpg
2026-09-28 12:48:12,1790579892.710685,LOITERING,MEDIUM,person,89,person stationary > 8s,snapshots/20260928_124812_744202_LOITERING.jpg
2026-09-28 12:48:14,1790579894.710457,GROUP_INTRUSION,HIGH,,-1,3 persons inside 'Restricted Zone',snapshots/20260928_124814_738379_GROUP_INTRUSION.jpg
2026-09-28 12:48:14,1790579894.910665,INTRUSION,HIGH,person,103,person entered 'Restricted Zone',snapshots/20260928_124814_940607_INTRUSION.jpg
2026-09-28 12:48:15,1790579895.8135512,INTRUSION,HIGH,person,103,person entered 'Restricted Zone',snapshots/20260928_124815_842569_INTRUSION.jpg
2026-09-28 12:48:15,1790579895.843861,INTRUSION,HIGH,person,99,person entered 'Restricted Zone',snapshots/20260928_124815_888622_INTRUSION.jpg
2026-09-28 12:48:17,1790579897.5813298,INTRUSION,HIGH,person,2,person entered 'Restricted Zone',snapshots/20260928_124817_646595_INTRUSION.jpg
2026-09-28 12:48:19,1790579899.24415,LOITERING,MEDIUM,person,56,person stationary > 8s,snapshots/20260928_124819_279336_LOITERING.jpg
2026-09-28 12:48:21,1790579901.2565892,INTRUSION,HIGH,person,102,person entered 'Restricted Zone',snapshots/20260928_124821_312732_INTRUSION.jpg
2026-09-28 12:48:21,1790579901.483735,INTRUSION,HIGH,person,101,person entered 'Restricted Zone',snapshots/20260928_124821_541734_INTRUSION.jpg
2026-09-28 12:48:21,1790579901.7162209,INTRUSION,HIGH,person,3,person entered 'Restricted Zone',snapshots/20260928_124821_769794_INTRUSION.jpg
2026-09-28 12:48:23,1790579903.150527,INTRUSION,HIGH,person,2,person entered 'Restricted Zone',snapshots/20260928_124823_181557_INTRUSION.jpg
2026-09-28 12:48:25,1790579905.0846348,LOITERING,MEDIUM,person,60,person stationary > 8s,snapshots/20260928_124825_126753_LOITERING.jpg
2026-09-28 12:48:25,1790579905.180191,INTRUSION,HIGH,person,3,person entered 'Restricted Zone',snapshots/20260928_124825_233401_INTRUSION.jpg
2026-09-28 12:48:27,1790579907.684682,FACE_DETECTED,INFO,person,1,face detected on tracked person,
2026-09-28 12:48:28,1790579908.545215,LOITERING,MEDIUM,person,101,person stationary > 8s,snapshots/20260928_124828_590471_LOITERING.jpg
2026-09-28 12:48:29,1790579909.216893,INTRUSION,HIGH,person,2,person entered 'Restricted Zone',snapshots/20260928_124829_263810_INTRUSION.jpg
2026-09-28 12:48:29,1790579909.285572,LOITERING,MEDIUM,person,56,person stationary > 8s,snapshots/20260928_124829_318748_LOITERING.jpg
2026-09-28 12:48:34,1790579914.7313821,LOITERING,MEDIUM,person,104,person stationary > 8s,snapshots/20260928_124834_786296_LOITERING.jpg
2026-09-28 12:48:35,1790579915.18034,INTRUSION,HIGH,person,106,person entered 'Restricted Zone',snapshots/20260928_124835_214901_INTRUSION.jpg
2026-09-28 12:48:36,1790579916.3578491,LOITERING,MEDIUM,person,105,person stationary > 8s,snapshots/20260928_124836_386879_LOITERING.jpg
2026-09-28 12:48:36,1790579916.652833,FACE_DETECTED,INFO,person,1,face detected on tracked person,
2026-09-28 12:48:37,1790579917.386476,LOITERING,MEDIUM,person,60,person stationary > 8s,snapshots/20260928_124837_423696_LOITERING.jpg
2026-09-28 12:48:39,1790579919.286883,LOITERING,MEDIUM,person,56,person stationary > 8s,snapshots/20260928_124839_345577_LOITERING.jpg
2026-09-28 12:48:49,1790579929.4932039,TRIPWIRE,HIGH,person,1,person crossed 'Border Line' (side 1 -> side 2),snapshots/20260928_124849_530438_TRIPWIRE.jpg
2026-09-28 12:48:49,1790579929.764915,INTRUSION,HIGH,person,7,person entered 'Restricted Zone',snapshots/20260928_124849_802308_INTRUSION.jpg
2026-09-28 12:48:52,1790579932.828342,LOITERING,MEDIUM,person,2,person stationary > 18s,snapshots/20260928_124852_867763_LOITERING.jpg
2026-09-28 12:48:59,1790579939.693144,FACE_DETECTED,INFO,person,2,face detected on tracked person,
2026-09-28 12:49:00,1790579940.494854,TRIPWIRE,HIGH,person,1,person crossed 'Border Line' (side 2 -> side 1),snapshots/20260928_124900_529302_TRIPWIRE.jpg
2026-09-28 12:49:03,1790579943.429769,INTRUSION,HIGH,person,11,person entered 'Restricted Zone',snapshots/20260928_124903_465482_INTRUSION.jpg
2026-09-28 12:49:08,1790579948.372821,LOITERING,MEDIUM,person,1,person stationary > 18s,snapshots/20260928_124908_409607_LOITERING.jpg
2026-09-28 12:49:15,1790579955.293948,TRIPWIRE,HIGH,person,1,person crossed 'Border Line' (side 1 -> side 2),snapshots/20260928_124915_329945_TRIPWIRE.jpg
2026-09-28 12:49:15,1790579955.429934,LOITERING,MEDIUM,person,2,person stationary > 18s,snapshots/20260928_124915_468017_LOITERING.jpg
2026-09-28 12:49:16,1790579956.364761,INTRUSION,HIGH,person,15,person entered 'Restricted Zone',snapshots/20260928_124916_405040_INTRUSION.jpg
2026-09-28 12:49:25,1790579965.0315552,FACE_DETECTED,INFO,person,15,face detected on tracked person,
2026-09-28 12:49:25,1790579965.439117,LOITERING,MEDIUM,person,2,person stationary > 18s,snapshots/20260928_124925_476624_LOITERING.jpg
2026-09-28 12:49:30,1790579970.499221,TRIPWIRE,HIGH,person,1,person crossed 'Border Line' (side 2 -> side 1),snapshots/20260928_124930_534747_TRIPWIRE.jpg
2026-09-28 12:49:36,1790579976.833771,LOITERING,MEDIUM,person,2,person stationary > 18s,snapshots/20260928_124936_870625_LOITERING.jpg
2026-09-28 12:49:45,1790579985.0673542,FACE_DETECTED,INFO,person,18,face detected on tracked person,
2026-09-28 12:49:54,1790579994.0031118,LOITERING,MEDIUM,person,1,person stationary > 18s,snapshots/20260928_124954_040338_LOITERING.jpg
2026-09-28 12:50:04,1790580004.008169,LOITERING,MEDIUM,person,1,person stationary > 18s,snapshots/20260928_125004_044197_LOITERING.jpg
2026-09-28 12:50:05,1790580005.740653,LOITERING,MEDIUM,person,20,person stationary > 18s,snapshots/20260928_125005_780370_LOITERING.jpg
2026-09-28 12:50:08,1790580008.6615748,LOITERING,MEDIUM,person,19,person stationary > 18s,snapshots/20260928_125008_690538_LOITERING.jpg
2026-09-28 12:50:09,1790580009.604596,LOITERING,MEDIUM,person,18,person stationary > 18s,snapshots/20260928_125009_639703_LOITERING.jpg
2026-09-28 12:50:10,1790580010.937632,LOITERING,MEDIUM,person,21,person stationary > 18s,snapshots/20260928_125010_972816_LOITERING.jpg
2026-09-28 12:50:15,1790580015.338379,LOITERING,MEDIUM,person,1,person stationary > 18s,snapshots/20260928_125015_374571_LOITERING.jpg
2026-09-28 12:50:19,1790580019.606442,LOITERING,MEDIUM,person,18,person stationary > 18s,snapshots/20260928_125019_642852_LOITERING.jpg
2026-09-28 12:50:25,1790580025.341341,LOITERING,MEDIUM,person,1,person stationary > 18s,snapshots/20260928_125025_376935_LOITERING.jpg
2026-09-28 12:50:29,1790580029.609279,LOITERING,MEDIUM,person,18,person stationary > 18s,snapshots/20260928_125029_646083_LOITERING.jpg
2026-09-28 12:50:31,1790580031.747312,TRIPWIRE,HIGH,person,1,person crossed 'Border Line' (side 2 -> side 1),snapshots/20260928_125031_786825_TRIPWIRE.jpg
2026-09-28 12:50:39,1790580039.609877,LOITERING,MEDIUM,person,18,person stationary > 18s,snapshots/20260928_125039_646445_LOITERING.jpg
2026-09-28 12:50:49,1790580049.612997,LOITERING,MEDIUM,person,18,person stationary > 18s,snapshots/20260928_125049_650590_LOITERING.jpg
2026-09-28 12:50:53,1790580053.079792,LOITERING,MEDIUM,person,25,person stationary > 18s,snapshots/20260928_125053_116141_LOITERING.jpg
2026-09-28 12:51:31,1790580090.979253,LOITERING,MEDIUM,person,29,person stationary > 18s,snapshots/20260928_125131_016082_LOITERING.jpg
2026-09-28 12:51:32,1790580092.7128088,LOITERING,MEDIUM,person,30,person stationary > 18s,snapshots/20260928_125132_749321_LOITERING.jpg
2026-09-28 12:51:35,1790580095.6807091,TRIPWIRE,HIGH,person,1,person crossed 'Border Line' (side 1 -> side 2),snapshots/20260928_125135_716443_TRIPWIRE.jpg
2026-09-28 12:51:42,1790580102.786934,LOITERING,MEDIUM,person,30,person stationary > 18s,snapshots/20260928_125142_823250_LOITERING.jpg
2026-09-28 12:51:45,1790580105.446311,LOITERING,MEDIUM,person,31,person stationary > 18s,snapshots/20260928_125145_481987_LOITERING.jpg
2026-09-28 12:51:45,1790580105.845241,TRIPWIRE,HIGH,person,1,person crossed 'Border Line' (side 2 -> side 1),snapshots/20260928_125145_884268_TRIPWIRE.jpg
2026-09-28 12:52:01,1790580121.182373,FACE_DETECTED,INFO,person,38,face detected on tracked person,
2026-09-28 12:52:05,1790580125.183061,FACE_DETECTED,INFO,person,30,face detected on tracked person,
2026-09-28 12:52:11,1790580131.1806872,TRIPWIRE,HIGH,person,1,person crossed 'Border Line' (side 1 -> side 2),snapshots/20260928_125211_222832_TRIPWIRE.jpg
2026-09-28 12:52:23,1790580143.350732,TRIPWIRE,HIGH,person,1,person crossed 'Border Line' (side 2 -> side 1),snapshots/20260928_125223_391691_TRIPWIRE.jpg
2026-09-28 12:52:28,1790580148.0149848,FACE_DETECTED,INFO,person,41,face detected on tracked person,
2026-09-28 12:52:39,1790580159.353631,INTRUSION,HIGH,person,48,person entered 'Restricted Zone',snapshots/20260928_125239_391842_INTRUSION.jpg
2026-09-28 12:52:42,1790580162.5217862,RUNNING,MEDIUM,person,1,person moving fast (0.38 widths/s),snapshots/20260928_125242_561328_RUNNING.jpg
2026-09-28 12:52:46,1790580166.086694,INTRUSION,HIGH,person,48,person entered 'Restricted Zone',snapshots/20260928_125246_123860_INTRUSION.jpg
2026-09-28 12:52:46,1790580166.355864,LOITERING,MEDIUM,person,46,person stationary > 18s,snapshots/20260928_125246_393865_LOITERING.jpg
2026-09-28 12:52:49,1790580169.254625,TRIPWIRE,HIGH,person,48,person crossed 'Border Line' (side 1 -> side 2),snapshots/20260928_125249_303180_TRIPWIRE.jpg
2026-09-28 12:52:53,1790580173.355923,TRIPWIRE,HIGH,person,50,person crossed 'Border Line' (side 2 -> side 1),snapshots/20260928_125253_412221_TRIPWIRE.jpg
2026-09-28 12:52:54,1790580174.21245,INTRUSION,HIGH,person,50,person entered 'Restricted Zone',snapshots/20260928_125254_251713_INTRUSION.jpg
2026-09-28 12:52:57,1790580176.952829,FACE_DETECTED,INFO,person,49,face detected on tracked person,
2026-09-28 12:52:57,1790580177.509522,INTRUSION,HIGH,person,50,person entered 'Restricted Zone',snapshots/20260928_125257_549289_INTRUSION.jpg
2026-09-28 12:52:59,1790580179.0456471,FACE_DETECTED,INFO,person,48,face detected on tracked person,
2026-09-28 12:53:03,1790580183.1208582,FACE_DETECTED,INFO,person,47,face detected on tracked person,
2026-09-28 12:53:05,1790580185.182432,FACE_DETECTED,INFO,person,50,face detected on tracked person,
2026-09-28 12:53:11,1790580191.924706,LOITERING,MEDIUM,person,48,person stationary > 18s,snapshots/20260928_125311_965605_LOITERING.jpg
2026-09-28 12:53:16,1790580196.1265311,INTRUSION,HIGH,person,50,person entered 'Restricted Zone',snapshots/20260928_125316_164345_INTRUSION.jpg
2026-09-28 12:53:22,1790580202.026647,LOITERING,MEDIUM,person,48,person stationary > 18s,snapshots/20260928_125322_064945_LOITERING.jpg
2026-09-28 12:53:23,1790580203.7506518,LOITERING,MEDIUM,person,47,person stationary > 18s,snapshots/20260928_125323_788083_LOITERING.jpg
2026-09-28 12:53:32,1790580212.057656,LOITERING,MEDIUM,person,48,person stationary > 18s,snapshots/20260928_125332_094497_LOITERING.jpg
2026-09-28 12:53:50,1790580230.626716,LOITERING,MEDIUM,person,48,person stationary > 18s,snapshots/20260928_125350_665480_LOITERING.jpg
2026-09-28 12:53:53,1790580233.955651,LOITERING,MEDIUM,person,57,person stationary > 18s,snapshots/20260928_125353_989856_LOITERING.jpg
2026-09-28 12:53:57,1790580237.025096,FACE_DETECTED,INFO,person,57,face detected on tracked person,
2026-09-28 12:54:00,1790580240.722399,LOITERING,MEDIUM,person,48,person stationary > 18s,snapshots/20260928_125400_759232_LOITERING.jpg
2026-09-28 12:54:01,1790580241.262507,LOITERING,MEDIUM,person,59,person stationary > 18s,snapshots/20260928_125401_298346_LOITERING.jpg
2026-09-28 12:54:30,1790580270.729669,RUNNING,MEDIUM,person,63,person moving fast (0.39 widths/s),snapshots/20260928_125430_817429_RUNNING.jpg
2026-09-28 12:54:36,1790580276.631296,LOITERING,MEDIUM,person,62,person stationary > 18s,snapshots/20260928_125436_671425_LOITERING.jpg
2026-09-28 12:54:41,1790580280.971684,FACE_DETECTED,INFO,person,63,face detected on tracked person,
2026-09-28 12:54:45,1790580285.751648,FACE_DETECTED,INFO,person,66,face detected on tracked person,
2026-09-28 12:54:48,1790580288.929472,LOITERING,MEDIUM,person,62,person stationary > 18s,snapshots/20260928_125448_962833_LOITERING.jpg
2026-09-28 12:54:58,1790580298.103358,INTRUSION,HIGH,person,69,person entered 'Restricted Zone',snapshots/20260928_125458_142454_INTRUSION.jpg
2026-09-28 12:55:00,1790580300.870872,TRIPWIRE,HIGH,person,48,person crossed 'Border Line' (side 2 -> side 1),snapshots/20260928_125500_909582_TRIPWIRE.jpg
2026-09-28 12:55:11,1790580311.668973,LOITERING,MEDIUM,person,67,person stationary > 18s,snapshots/20260928_125511_706659_LOITERING.jpg
2026-09-28 12:55:13,1790580313.538922,FACE_DETECTED,INFO,person,72,face detected on tracked person,
2026-09-28 12:55:18,1790580318.904796,LOITERING,MEDIUM,person,48,person stationary > 18s,snapshots/20260928_125518_943070_LOITERING.jpg
2026-09-28 12:55:21,1790580321.67188,LOITERING,MEDIUM,person,67,person stationary > 18s,snapshots/20260928_125521_711865_LOITERING.jpg
2026-09-28 12:55:28,1790580328.9063098,LOITERING,MEDIUM,person,48,person stationary > 18s,snapshots/20260928_125528_946104_LOITERING.jpg
2026-09-28 12:55:31,1790580331.301547,LOITERING,MEDIUM,person,73,person stationary > 18s,snapshots/20260928_125531_341124_LOITERING.jpg
2026-09-28 12:55:31,1790580331.706754,LOITERING,MEDIUM,person,67,person stationary > 18s,snapshots/20260928_125531_746109_LOITERING.jpg
2026-09-28 12:55:36,1790580336.206491,INTRUSION,HIGH,person,67,person entered 'Restricted Zone',snapshots/20260928_125536_245506_INTRUSION.jpg
2026-09-28 12:55:39,1790580339.037498,LOITERING,MEDIUM,person,48,person stationary > 18s,snapshots/20260928_125539_077416_LOITERING.jpg
2026-09-28 12:55:41,1790580341.305275,INTRUSION,HIGH,person,76,person entered 'Restricted Zone',snapshots/20260928_125541_347346_INTRUSION.jpg
2026-09-28 12:55:41,1790580341.4375281,LOITERING,MEDIUM,person,73,person stationary > 18s,snapshots/20260928_125541_476330_LOITERING.jpg
2026-09-28 12:55:49,1790580349.172841,LOITERING,MEDIUM,person,48,person stationary > 18s,snapshots/20260928_125549_217271_LOITERING.jpg
2026-09-28 12:55:51,1790580351.4738922,LOITERING,MEDIUM,person,73,person stationary > 18s,snapshots/20260928_125551_514020_LOITERING.jpg
2026-09-28 12:55:55,1790580355.332483,TRIPWIRE,HIGH,person,48,person crossed 'Border Line' (side 2 -> side 1),snapshots/20260928_125555_369686_TRIPWIRE.jpg
2026-09-28 12:55:55,1790580355.8754182,FACE_DETECTED,INFO,person,73,face detected on tracked person,
2026-09-28 12:55:59,1790580359.9111192,FACE_DETECTED,INFO,person,76,face detected on tracked person,
2026-09-28 12:56:01,1790580361.509839,LOITERING,MEDIUM,person,73,person stationary > 18s,snapshots/20260928_125601_551746_LOITERING.jpg
2026-09-28 12:56:03,1790580362.9728372,LOITERING,MEDIUM,person,75,person stationary > 18s,snapshots/20260928_125603_009134_LOITERING.jpg
2026-09-28 12:56:03,1790580363.249714,FACE_DETECTED,INFO,person,75,face detected on tracked person,
2026-09-28 12:56:05,1790580365.4013162,TRIPWIRE,HIGH,person,48,person crossed 'Border Line' (side 1 -> side 2),snapshots/20260928_125605_436763_TRIPWIRE.jpg
2026-09-28 12:56:11,1790580371.535858,LOITERING,MEDIUM,person,73,person stationary > 18s,snapshots/20260928_125611_569499_LOITERING.jpg
2026-09-28 12:56:22,1790580382.28184,TRIPWIRE,HIGH,person,48,person crossed 'Border Line' (side 2 -> side 1),snapshots/20260928_125622_319813_TRIPWIRE.jpg
2026-09-28 12:56:24,1790580384.001282,FACE_DETECTED,INFO,person,79,face detected on tracked person,
2026-09-28 12:56:25,1790580385.7363331,LOITERING,MEDIUM,person,76,person stationary > 18s,snapshots/20260928_125625_771336_LOITERING.jpg
2026-09-28 12:56:32,1790580392.416186,TRIPWIRE,HIGH,person,48,person crossed 'Border Line' (side 1 -> side 2),snapshots/20260928_125632_453471_TRIPWIRE.jpg
2026-09-28 12:56:32,1790580392.416186,LOITERING,MEDIUM,person,48,person stationary > 18s,snapshots/20260928_125632_455669_LOITERING.jpg
2026-09-28 12:56:35,1790580395.214824,INTRUSION,HIGH,person,80,person entered 'Restricted Zone',snapshots/20260928_125635_251758_INTRUSION.jpg
2026-09-28 12:56:39,1790580399.349845,FACE_DETECTED,INFO,person,80,face detected on tracked person,
2026-09-28 12:56:42,1790580402.5355709,LOITERING,MEDIUM,person,48,person stationary > 18s,snapshots/20260928_125642_565967_LOITERING.jpg
2026-09-28 12:56:43,1790580403.737653,TRIPWIRE,HIGH,person,48,person crossed 'Border Line' (side 2 -> side 1),snapshots/20260928_125643_774438_TRIPWIRE.jpg
2026-09-28 12:56:51,1790580411.214293,LOITERING,MEDIUM,person,79,person stationary > 18s,snapshots/20260928_125651_254336_LOITERING.jpg
2026-09-28 12:56:54,1790580414.006428,LOITERING,MEDIUM,person,80,person stationary > 18s,snapshots/20260928_125654_044466_LOITERING.jpg
2026-09-28 12:57:04,1790580424.0182579,LOITERING,MEDIUM,person,80,person stationary > 18s,snapshots/20260928_125704_055945_LOITERING.jpg
2026-09-28 12:57:09,1790580429.218295,LOITERING,MEDIUM,person,48,person stationary > 18s,snapshots/20260928_125709_255442_LOITERING.jpg
2026-09-28 12:57:09,1790580429.8889558,LOITERING,MEDIUM,person,79,person stationary > 18s,snapshots/20260928_125709_928040_LOITERING.jpg
2026-09-28 12:57:14,1790580434.541685,LOITERING,MEDIUM,person,80,person stationary > 18s,snapshots/20260928_125714_577235_LOITERING.jpg
2026-09-28 12:57:19,1790580439.255382,LOITERING,MEDIUM,person,48,person stationary > 18s,snapshots/20260928_125719_290896_LOITERING.jpg
2026-09-28 12:57:19,1790580439.92277,LOITERING,MEDIUM,person,79,person stationary > 18s,snapshots/20260928_125719_962460_LOITERING.jpg
2026-09-28 12:57:23,1790580443.909256,TRIPWIRE,HIGH,person,48,person crossed 'Border Line' (side 2 -> side 1),snapshots/20260928_125723_948519_TRIPWIRE.jpg
2026-09-28 12:57:47,1790580467.525441,TRIPWIRE,HIGH,person,48,person crossed 'Border Line' (side 1 -> side 2),snapshots/20260928_125747_576637_TRIPWIRE.jpg
2026-09-28 12:57:48,1790580468.888036,FACE_DETECTED,INFO,person,86,face detected on tracked person,
2026-09-28 12:57:57,1790580477.049767,LOITERING,MEDIUM,person,85,person stationary > 18s,snapshots/20260928_125757_090614_LOITERING.jpg
2026-09-28 12:57:57,1790580477.454495,LOITERING,MEDIUM,person,86,person stationary > 18s,snapshots/20260928_125757_493350_LOITERING.jpg
2026-09-28 12:58:07,1790580487.5580611,LOITERING,MEDIUM,person,86,person stationary > 18s,snapshots/20260928_125807_598609_LOITERING.jpg
2026-09-28 12:58:08,1790580488.520215,FACE_DETECTED,INFO,person,85,face detected on tracked person,
2026-09-28 12:58:21,1790580501.3819652,LOITERING,MEDIUM,person,85,person stationary > 18s,snapshots/20260928_125821_416354_LOITERING.jpg
2026-09-28 12:58:22,1790580502.4578362,LOITERING,MEDIUM,person,48,person stationary > 18s,snapshots/20260928_125822_491592_LOITERING.jpg
2026-09-28 12:58:23,1790580503.26618,LOITERING,MEDIUM,person,90,person stationary > 18s,snapshots/20260928_125823_309518_LOITERING.jpg
2026-09-28 12:58:23,1790580503.5583758,LOITERING,MEDIUM,person,91,person stationary > 18s,snapshots/20260928_125823_596400_LOITERING.jpg
2026-09-28 12:58:25,1790580505.949441,FACE_DETECTED,INFO,person,92,face detected on tracked person,
2026-09-28 12:58:42,1790580522.8936782,LOITERING,MEDIUM,person,48,person stationary > 18s,snapshots/20260928_125842_930299_LOITERING.jpg
2026-09-28 12:58:54,1790580534.9196138,LOITERING,MEDIUM,person,48,person stationary > 18s,snapshots/20260928_125854_954659_LOITERING.jpg
2026-09-28 12:59:02,1790580542.3876421,LOITERING,MEDIUM,person,93,person stationary > 18s,snapshots/20260928_125902_422430_LOITERING.jpg
2026-09-28 12:59:04,1790580544.922818,LOITERING,MEDIUM,person,48,person stationary > 18s,snapshots/20260928_125904_957933_LOITERING.jpg
2026-09-28 12:59:12,1790580552.43343,LOITERING,MEDIUM,person,93,person stationary > 18s,snapshots/20260928_125912_468670_LOITERING.jpg
2026-09-28 12:59:18,1790580558.700497,FACE_DETECTED,INFO,person,93,face detected on tracked person,
2026-09-28 12:59:18,1790580558.821244,LOITERING,MEDIUM,person,48,person stationary > 18s,snapshots/20260928_125918_858066_LOITERING.jpg
2026-09-28 12:59:20,1790580560.822981,LOITERING,MEDIUM,person,95,person stationary > 18s,snapshots/20260928_125920_858344_LOITERING.jpg
2026-09-28 12:59:28,1790580568.8978329,LOITERING,MEDIUM,person,48,person stationary > 18s,snapshots/20260928_125928_935535_LOITERING.jpg
2026-09-28 12:59:29,1790580569.6847491,TRIPWIRE,HIGH,person,48,person crossed 'Border Line' (side 1 -> side 2),snapshots/20260928_125929_716756_TRIPWIRE.jpg
2026-09-28 12:59:30,1790580570.934418,LOITERING,MEDIUM,person,95,person stationary > 18s,snapshots/20260928_125930_972615_LOITERING.jpg
2026-09-28 12:59:35,1790580575.766036,LOITERING,MEDIUM,person,93,person stationary > 18s,snapshots/20260928_125935_804753_LOITERING.jpg
2026-09-28 12:59:41,1790580580.9663901,LOITERING,MEDIUM,person,95,person stationary > 18s,snapshots/20260928_125941_006094_LOITERING.jpg
2026-09-28 12:59:50,1790580590.0248902,FACE_DETECTED,INFO,person,99,face detected on tracked person,
2026-09-28 12:59:51,1790580591.0960388,LOITERING,MEDIUM,person,95,person stationary > 18s,snapshots/20260928_125951_132225_LOITERING.jpg
2026-09-28 12:59:52,1790580592.699958,FACE_DETECTED,INFO,person,100,face detected on tracked person,
2026-09-28 12:59:57,1790580597.426657,INTRUSION,HIGH,person,95,person entered 'Restricted Zone',snapshots/20260928_125957_465971_INTRUSION.jpg
2026-09-28 13:00:02,1790580602.635054,LOITERING,MEDIUM,person,48,person stationary > 18s,snapshots/20260928_130002_673811_LOITERING.jpg
2026-09-28 13:00:09,1790580609.626341,LOITERING,MEDIUM,person,99,person stationary > 18s,snapshots/20260928_130009_661572_LOITERING.jpg
2026-09-28 13:00:12,1790580612.705562,LOITERING,MEDIUM,person,48,person stationary > 18s,snapshots/20260928_130012_746075_LOITERING.jpg
2026-09-28 13:00:16,1790580616.186097,TRIPWIRE,HIGH,person,48,person crossed 'Border Line' (side 2 -> side 1),snapshots/20260928_130016_219786_TRIPWIRE.jpg
2026-09-28 13:00:16,1790580616.319602,LOITERING,MEDIUM,person,100,person stationary > 18s,snapshots/20260928_130016_350207_LOITERING.jpg
2026-09-28 13:00:26,1790580625.987405,LOITERING,MEDIUM,person,102,person stationary > 18s,snapshots/20260928_130026_018786_LOITERING.jpg
2026-09-28 13:00:29,1790580629.554673,FACE_DETECTED,INFO,person,105,face detected on tracked person,
2026-09-28 13:00:31,1790580631.422724,FACE_DETECTED,INFO,person,104,face detected on tracked person,
2026-09-28 13:00:39,1790580639.223226,LOITERING,MEDIUM,person,48,person stationary > 18s,snapshots/20260928_130039_254796_LOITERING.jpg
2026-09-28 13:00:40,1790580640.125451,TRIPWIRE,HIGH,person,48,person crossed 'Border Line' (side 1 -> side 2),snapshots/20260928_130040_158317_TRIPWIRE.jpg
2026-09-28 13:00:46,1790580646.495251,INTRUSION,HIGH,person,102,person entered 'Restricted Zone',snapshots/20260928_130046_527040_INTRUSION.jpg
2026-09-28 13:00:51,1790580651.9584188,LOITERING,MEDIUM,person,105,person stationary > 18s,snapshots/20260928_130051_989494_LOITERING.jpg
2026-09-28 13:00:57,1790580657.426535,INTRUSION,HIGH,person,111,person entered 'Restricted Zone',snapshots/20260928_130057_458835_INTRUSION.jpg
2026-09-28 13:01:01,1790580661.959082,LOITERING,MEDIUM,person,105,person stationary > 18s,snapshots/20260928_130101_990708_LOITERING.jpg
2026-09-28 13:01:08,1790580668.392662,LOITERING,MEDIUM,person,48,person stationary > 18s,snapshots/20260928_130108_424668_LOITERING.jpg
2026-09-28 13:01:12,1790580672.559463,LOITERING,MEDIUM,person,105,person stationary > 18s,snapshots/20260928_130112_591890_LOITERING.jpg
2026-09-28 13:01:13,1790580673.3941,LOITERING,MEDIUM,person,110,person stationary > 18s,snapshots/20260928_130113_425072_LOITERING.jpg
2026-09-28 13:01:14,1790580674.927708,LOITERING,MEDIUM,person,111,person stationary > 18s,snapshots/20260928_130114_959158_LOITERING.jpg
2026-09-28 13:01:16,1790580676.799767,TRIPWIRE,HIGH,person,48,person crossed 'Border Line' (side 1 -> side 2),snapshots/20260928_130116_834684_TRIPWIRE.jpg
2026-09-28 13:01:23,1790580683.497271,LOITERING,MEDIUM,person,110,person stationary > 18s,snapshots/20260928_130123_531409_LOITERING.jpg
2026-09-28 13:01:29,1790580689.910944,INTRUSION,HIGH,person,117,person entered 'Restricted Zone',snapshots/20260928_130129_946769_INTRUSION.jpg
2026-09-28 13:01:31,1790580691.8125582,FACE_DETECTED,INFO,person,118,face detected on tracked person,
2026-09-28 13:01:33,1790580693.5812979,LOITERING,MEDIUM,person,110,person stationary > 18s,snapshots/20260928_130133_618186_LOITERING.jpg
2026-09-28 13:01:37,1790580697.5702221,LOITERING,MEDIUM,person,48,person stationary > 18s,snapshots/20260928_130137_606540_LOITERING.jpg
2026-09-28 13:01:42,1790580702.504622,FACE_DETECTED,INFO,person,110,face detected on tracked person,
2026-09-28 13:01:43,1790580703.312928,INTRUSION,HIGH,person,120,person entered 'Restricted Zone',snapshots/20260928_130143_349928_INTRUSION.jpg
2026-09-28 13:01:43,1790580703.581582,LOITERING,MEDIUM,person,110,person stationary > 18s,snapshots/20260928_130143_618061_LOITERING.jpg
2026-09-28 13:01:47,1790580707.715749,LOITERING,MEDIUM,person,48,person stationary > 18s,snapshots/20260928_130147_752669_LOITERING.jpg
2026-09-28 13:01:53,1790580713.706719,LOITERING,MEDIUM,person,110,person stationary > 18s,snapshots/20260928_130153_742891_LOITERING.jpg
2026-09-28 13:01:57,1790580717.847639,LOITERING,MEDIUM,person,48,person stationary > 18s,snapshots/20260928_130157_888668_LOITERING.jpg
2026-09-28 13:02:01,1790580721.181304,LOITERING,MEDIUM,person,120,person stationary > 18s,snapshots/20260928_130201_218588_LOITERING.jpg
2026-09-28 13:02:03,1790580723.7188249,LOITERING,MEDIUM,person,110,person stationary > 18s,snapshots/20260928_130203_755741_LOITERING.jpg
2026-09-28 13:02:08,1790580727.97174,LOITERING,MEDIUM,person,48,person stationary > 18s,snapshots/20260928_130208_007153_LOITERING.jpg
2026-09-28 13:02:11,1790580731.185909,LOITERING,MEDIUM,person,120,person stationary > 18s,snapshots/20260928_130211_224963_LOITERING.jpg
2026-09-28 13:02:13,1790580733.84014,LOITERING,MEDIUM,person,110,person stationary > 18s,snapshots/20260928_130213_876138_LOITERING.jpg
2026-09-28 13:02:18,1790580737.9903622,LOITERING,MEDIUM,person,48,person stationary > 18s,snapshots/20260928_130218_027243_LOITERING.jpg
2026-09-28 13:02:21,1790580741.854497,TRIPWIRE,HIGH,person,48,person crossed 'Border Line' (side 2 -> side 1),snapshots/20260928_130221_892954_TRIPWIRE.jpg
2026-09-28 13:02:24,1790580744.251457,INTRUSION,HIGH,person,123,person entered 'Restricted Zone',snapshots/20260928_130224_287782_INTRUSION.jpg
2026-09-28 13:02:50,1790580770.255929,LOITERING,MEDIUM,person,124,person stationary > 18s,snapshots/20260928_130250_293628_LOITERING.jpg
2026-09-28 13:02:57,1790580777.093031,INTRUSION,HIGH,person,126,person entered 'Restricted Zone',snapshots/20260928_130257_129634_INTRUSION.jpg
2026-09-28 13:02:57,1790580777.357394,TRIPWIRE,HIGH,person,48,person crossed 'Border Line' (side 1 -> side 2),snapshots/20260928_130257_393065_TRIPWIRE.jpg
2026-09-28 13:03:00,1790580780.289249,LOITERING,MEDIUM,person,124,person stationary > 18s,snapshots/20260928_130300_327519_LOITERING.jpg
2026-09-28 13:03:05,1790580785.08932,INTRUSION,HIGH,person,128,person entered 'Restricted Zone',snapshots/20260928_130305_125668_INTRUSION.jpg
2026-09-28 13:03:19,1790580799.2184992,INTRUSION,HIGH,person,130,person entered 'Restricted Zone',snapshots/20260928_130319_271665_INTRUSION.jpg
2026-09-28 13:03:29,1790580809.760548,TRIPWIRE,HIGH,person,129,person crossed 'Border Line' (side 2 -> side 1),snapshots/20260928_130329_798644_TRIPWIRE.jpg
2026-09-28 13:03:36,1790580816.6932108,LOITERING,MEDIUM,person,130,person stationary > 18s,snapshots/20260928_130336_736288_LOITERING.jpg
2026-09-28 13:03:49,1790580829.9604611,TRIPWIRE,HIGH,person,129,person crossed 'Border Line' (side 1 -> side 2),snapshots/20260928_130349_997268_TRIPWIRE.jpg
2026-09-28 13:03:50,1790580830.227548,INTRUSION,HIGH,person,133,person entered 'Restricted Zone',snapshots/20260928_130350_274414_INTRUSION.jpg
2026-09-28 13:04:04,1790580844.097599,TRIPWIRE,HIGH,person,129,person crossed 'Border Line' (side 2 -> side 1),snapshots/20260928_130404_133433_TRIPWIRE.jpg
2026-09-28 13:04:07,1790580847.461521,LOITERING,MEDIUM,person,129,person stationary > 18s,snapshots/20260928_130407_498132_LOITERING.jpg
2026-09-28 13:04:07,1790580847.7296,LOITERING,MEDIUM,person,133,person stationary > 18s,snapshots/20260928_130407_775194_LOITERING.jpg
2026-09-28 13:04:14,1790580854.92061,TRIPWIRE,HIGH,person,129,person crossed 'Border Line' (side 1 -> side 2),snapshots/20260928_130414_957847_TRIPWIRE.jpg
2026-09-28 13:04:17,1790580857.5956302,LOITERING,MEDIUM,person,129,person stationary > 18s,snapshots/20260928_130417_631727_LOITERING.jpg
2026-09-28 13:04:17,1790580857.857475,LOITERING,MEDIUM,person,133,person stationary > 18s,snapshots/20260928_130417_896918_LOITERING.jpg
2026-09-28 13:04:27,1790580867.684774,LOITERING,MEDIUM,person,129,person stationary > 18s,snapshots/20260928_130427_715230_LOITERING.jpg
2026-09-28 13:04:33,1790580873.363033,INTRUSION,HIGH,person,136,person entered 'Restricted Zone',snapshots/20260928_130433_396528_INTRUSION.jpg
2026-09-28 13:04:33,1790580873.4917572,TRIPWIRE,HIGH,person,129,person crossed 'Border Line' (side 1 -> side 2),snapshots/20260928_130433_524989_TRIPWIRE.jpg
2026-09-28 13:04:37,1790580877.765185,LOITERING,MEDIUM,person,129,person stationary > 18s,snapshots/20260928_130437_797526_LOITERING.jpg
2026-09-28 13:04:40,1790580880.192182,INTRUSION,HIGH,person,137,person entered 'Restricted Zone',snapshots/20260928_130440_228296_INTRUSION.jpg
2026-09-28 13:04:43,1790580883.532083,TRIPWIRE,HIGH,person,129,person crossed 'Border Line' (side 1 -> side 2),snapshots/20260928_130443_573151_TRIPWIRE.jpg
2026-09-28 13:04:47,1790580887.866317,LOITERING,MEDIUM,person,129,person stationary > 18s,snapshots/20260928_130447_911716_LOITERING.jpg
2026-09-28 13:04:57,1790580897.894592,LOITERING,MEDIUM,person,129,person stationary > 18s,snapshots/20260928_130457_944473_LOITERING.jpg
2026-09-28 13:05:04,1790580904.9035,TRIPWIRE,HIGH,person,129,person crossed 'Border Line' (side 2 -> side 1),snapshots/20260928_130504_938995_TRIPWIRE.jpg
2026-09-28 13:05:08,1790580908.002995,LOITERING,MEDIUM,person,129,person stationary > 18s,snapshots/20260928_130508_045504_LOITERING.jpg
2026-09-28 13:05:18,1790580918.6619961,INTRUSION,HIGH,person,141,person entered 'Restricted Zone',snapshots/20260928_130518_704873_INTRUSION.jpg
2026-09-28 13:05:21,1790580921.459517,LOITERING,MEDIUM,person,129,person stationary > 18s,snapshots/20260928_130521_494566_LOITERING.jpg
2026-09-28 13:05:23,1790580923.494863,INTRUSION,HIGH,person,142,person entered 'Restricted Zone',snapshots/20260928_130523_529378_INTRUSION.jpg
2026-09-28 13:05:26,1790580926.029294,TRIPWIRE,HIGH,person,129,person crossed 'Border Line' (side 1 -> side 2),snapshots/20260928_130526_074569_TRIPWIRE.jpg
2026-09-28 13:05:37,1790580937.136857,INTRUSION,HIGH,person,141,person entered 'Restricted Zone',snapshots/20260928_130537_168929_INTRUSION.jpg
2026-09-28 13:05:37,1790580937.807738,LOITERING,MEDIUM,person,141,person stationary > 18s,snapshots/20260928_130537_843307_LOITERING.jpg
2026-09-28 13:05:38,1790580938.333197,TRIPWIRE,HIGH,person,129,person crossed 'Border Line' (side 1 -> side 2),snapshots/20260928_130538_385827_TRIPWIRE.jpg
2026-09-28 13:05:43,1790580943.076204,FACE_DETECTED,INFO,person,129,face detected on tracked person,
2026-09-28 13:05:57,1790580957.809619,LOITERING,MEDIUM,person,141,person stationary > 18s,snapshots/20260928_130557_848592_LOITERING.jpg
2026-09-28 13:06:04,1790580964.2413309,LOITERING,MEDIUM,person,129,person stationary > 18s,snapshots/20260928_130604_277371_LOITERING.jpg
2026-09-28 13:06:08,1790580967.96624,LOITERING,MEDIUM,person,141,person stationary > 18s,snapshots/20260928_130608_019453_LOITERING.jpg
2026-09-28 13:06:14,1790580974.363756,LOITERING,MEDIUM,person,129,person stationary > 18s,snapshots/20260928_130614_431182_LOITERING.jpg
2026-09-28 13:06:24,1790580984.402004,LOITERING,MEDIUM,person,129,person stationary > 18s,snapshots/20260928_130624_438514_LOITERING.jpg
2026-09-28 13:06:34,1790580994.412483,LOITERING,MEDIUM,person,129,person stationary > 18s,snapshots/20260928_130634_450049_LOITERING.jpg
2026-09-28 13:06:44,1790581004.535245,LOITERING,MEDIUM,person,129,person stationary > 18s,snapshots/20260928_130644_571726_LOITERING.jpg
2026-09-28 13:06:52,1790581012.53488,LOITERING,MEDIUM,person,144,person stationary > 18s,snapshots/20260928_130652_569877_LOITERING.jpg
2026-09-28 13:07:02,1790581022.543963,LOITERING,MEDIUM,person,144,person stationary > 18s,snapshots/20260928_130702_585677_LOITERING.jpg
2026-09-28 13:07:06,1790581026.8146508,LOITERING,MEDIUM,person,129,person stationary > 18s,snapshots/20260928_130706_850150_LOITERING.jpg
2026-09-28 13:07:12,1790581032.938717,LOITERING,MEDIUM,person,144,person stationary > 18s,snapshots/20260928_130712_973592_LOITERING.jpg
2026-09-28 13:07:22,1790581042.686686,FACE_DETECTED,INFO,person,146,face detected on tracked person,
2026-09-28 13:07:24,1790581044.407682,LOITERING,MEDIUM,person,144,person stationary > 18s,snapshots/20260928_130724_443142_LOITERING.jpg
2026-09-28 13:07:28,1790581048.2876039,LOITERING,MEDIUM,person,129,person stationary > 18s,snapshots/20260928_130728_324127_LOITERING.jpg
2026-09-28 13:07:34,1790581054.42117,LOITERING,MEDIUM,person,144,person stationary > 18s,snapshots/20260928_130734_457657_LOITERING.jpg
2026-09-28 13:07:38,1790581058.312295,LOITERING,MEDIUM,person,129,person stationary > 18s,snapshots/20260928_130738_347069_LOITERING.jpg
2026-09-28 13:12:18,1790581338.026859,INTRUSION,HIGH,person,2,person entered 'Restricted Zone',snapshots/20260928_131218_089599_INTRUSION.jpg
2026-09-28 13:12:19,1790581339.5702069,FACE_DETECTED,INFO,person,1,face detected on tracked person,
2026-09-28 13:12:23,1790581343.763466,INTRUSION,HIGH,person,4,person entered 'Restricted Zone',snapshots/20260928_131223_794387_INTRUSION.jpg
2026-09-28 13:12:25,1790581345.070474,LOITERING,MEDIUM,person,1,person stationary > 8s,snapshots/20260928_131225_104128_LOITERING.jpg
2026-09-28 13:12:26,1790581346.865113,LOITERING,MEDIUM,person,3,person stationary > 8s,snapshots/20260928_131226_900364_LOITERING.jpg
2026-09-28 13:12:31,1790581350.971442,LOITERING,MEDIUM,person,7,person stationary > 8s,snapshots/20260928_131231_002973_LOITERING.jpg
2026-09-28 13:12:31,1790581351.4660559,LOITERING,MEDIUM,person,4,person stationary > 8s,snapshots/20260928_131231_496486_LOITERING.jpg
2026-09-28 13:12:32,1790581352.869519,TRIPWIRE,HIGH,person,1,person crossed 'Border Line' (side 2 -> side 1),snapshots/20260928_131232_900778_TRIPWIRE.jpg
2026-09-28 13:12:40,1790581360.6689851,INTRUSION,HIGH,person,15,person entered 'Restricted Zone',snapshots/20260928_131240_699760_INTRUSION.jpg
2026-09-28 13:12:41,1790581361.871252,LOITERING,MEDIUM,person,11,person stationary > 8s,snapshots/20260928_131241_903758_LOITERING.jpg
2026-09-28 13:12:44,1790581363.9714859,LOITERING,MEDIUM,person,13,person stationary > 8s,snapshots/20260928_131244_003317_LOITERING.jpg
2026-09-28 13:12:48,1790581368.6753411,LOITERING,MEDIUM,person,16,person stationary > 8s,snapshots/20260928_131248_708705_LOITERING.jpg
2026-09-28 13:12:50,1790581370.17524,LOITERING,MEDIUM,person,1,person stationary > 8s,snapshots/20260928_131250_207533_LOITERING.jpg
2026-09-28 13:12:54,1790581374.0744362,LOITERING,MEDIUM,person,13,person stationary > 8s,snapshots/20260928_131254_107368_LOITERING.jpg
2026-09-28 13:12:58,1790581377.972557,LOITERING,MEDIUM,person,18,person stationary > 8s,snapshots/20260928_131258_003888_LOITERING.jpg
2026-09-28 13:12:59,1790581379.369628,LOITERING,MEDIUM,person,16,person stationary > 8s,snapshots/20260928_131259_401633_LOITERING.jpg
2026-09-28 13:13:00,1790581380.269498,LOITERING,MEDIUM,person,1,person stationary > 8s,snapshots/20260928_131300_301297_LOITERING.jpg
2026-09-28 13:13:03,1790581383.775397,TRIPWIRE,HIGH,person,1,person crossed 'Border Line' (side 1 -> side 2),snapshots/20260928_131303_807410_TRIPWIRE.jpg
2026-09-28 13:13:04,1790581384.0754502,LOITERING,MEDIUM,person,13,person stationary > 8s,snapshots/20260928_131304_109272_LOITERING.jpg
2026-09-28 13:13:04,1790581384.369251,INTRUSION,HIGH,person,21,person entered 'Restricted Zone',snapshots/20260928_131304_400230_INTRUSION.jpg
2026-09-28 13:13:08,1790581388.57279,LOITERING,MEDIUM,person,18,person stationary > 8s,snapshots/20260928_131308_605138_LOITERING.jpg
2026-09-28 13:13:09,1790581389.374403,LOITERING,MEDIUM,person,16,person stationary > 8s,snapshots/20260928_131309_407358_LOITERING.jpg
2026-09-28 13:13:13,1790581393.279636,LOITERING,MEDIUM,person,1,person stationary > 8s,snapshots/20260928_131313_312127_LOITERING.jpg
2026-09-28 13:13:14,1790581394.175703,LOITERING,MEDIUM,person,13,person stationary > 8s,snapshots/20260928_131314_208040_LOITERING.jpg
2026-09-28 13:13:18,1790581398.676384,LOITERING,MEDIUM,person,18,person stationary > 8s,snapshots/20260928_131318_707601_LOITERING.jpg
2026-09-28 13:13:19,1790581399.377132,LOITERING,MEDIUM,person,16,person stationary > 8s,snapshots/20260928_131319_409011_LOITERING.jpg
2026-09-28 13:13:23,1790581403.372145,LOITERING,MEDIUM,person,1,person stationary > 8s,snapshots/20260928_131323_403192_LOITERING.jpg
2026-09-28 13:13:24,1790581404.180984,LOITERING,MEDIUM,person,13,person stationary > 8s,snapshots/20260928_131324_213676_LOITERING.jpg
2026-09-28 13:13:28,1790581408.679832,LOITERING,MEDIUM,person,18,person stationary > 8s,snapshots/20260928_131328_710607_LOITERING.jpg
2026-09-28 13:13:33,1790581413.377674,LOITERING,MEDIUM,person,1,person stationary > 8s,snapshots/20260928_131333_408321_LOITERING.jpg
2026-09-28 13:13:37,1790581417.673625,INTRUSION,HIGH,person,27,person entered 'Restricted Zone',snapshots/20260928_131337_703550_INTRUSION.jpg
2026-09-28 13:13:40,1790581420.2834089,LOITERING,MEDIUM,person,25,person stationary > 8s,snapshots/20260928_131340_315121_LOITERING.jpg
2026-09-28 13:13:40,1790581420.680233,TRIPWIRE,HIGH,person,1,person crossed 'Border Line' (side 1 -> side 2),snapshots/20260928_131340_713129_TRIPWIRE.jpg
2026-09-28 13:13:41,1790581421.184452,LOITERING,MEDIUM,person,26,person stationary > 8s,snapshots/20260928_131341_216977_LOITERING.jpg
2026-09-28 13:13:46,1790581426.380247,LOITERING,MEDIUM,person,28,person stationary > 8s,snapshots/20260928_131346_412499_LOITERING.jpg
2026-09-28 13:29:17,1790582357.518829,INTRUSION,HIGH,person,2,person entered 'Restricted Zone',snapshots/20260928_132917_560458_INTRUSION.jpg
2026-09-28 13:29:23,1790582363.9164999,INTRUSION,HIGH,person,2,person entered 'Restricted Zone',snapshots/20260928_132923_948188_INTRUSION.jpg
2026-09-28 13:29:26,1790582366.551032,LOITERING,MEDIUM,person,2,person stationary > 8s,snapshots/20260928_132926_591347_LOITERING.jpg
2026-09-28 13:29:28,1790582368.550555,FACE_DETECTED,INFO,person,1,face detected on tracked person,
2026-09-28 13:29:34,1790582374.218179,LOITERING,MEDIUM,person,1,person stationary > 8s,snapshots/20260928_132934_249570_LOITERING.jpg
2026-09-28 13:29:36,1790582376.68513,LOITERING,MEDIUM,person,2,person stationary > 8s,snapshots/20260928_132936_716376_LOITERING.jpg
2026-09-28 13:29:43,1790582383.077783,LOITERING,MEDIUM,person,6,person stationary > 8s,snapshots/20260928_132943_107805_LOITERING.jpg
2026-09-28 13:29:44,1790582384.286059,LOITERING,MEDIUM,person,1,person stationary > 8s,snapshots/20260928_132944_318322_LOITERING.jpg
2026-09-28 13:29:46,1790582386.781547,LOITERING,MEDIUM,person,2,person stationary > 8s,snapshots/20260928_132946_814268_LOITERING.jpg
2026-09-28 15:03:28,1790588008.7712011,FACE_DETECTED,INFO,person,1,face detected on tracked person,
2026-09-28 15:03:28,1790588008.7712011,FACE_DETECTED,INFO,person,2,face detected on tracked person,
2026-09-28 15:03:29,1790588009.212642,TRIPWIRE,HIGH,person,2,person crossed 'Border Line' (side 2 -> side 1),snapshots/20260928_150329_252961_TRIPWIRE.jpg
2026-09-28 15:03:29,1790588009.212642,RUNNING,MEDIUM,person,2,person moving fast (0.36 widths/s),snapshots/20260928_150329_258150_RUNNING.jpg
2026-09-28 15:03:29,1790588009.336968,RUNNING,MEDIUM,person,5,person moving fast (0.65 widths/s),snapshots/20260928_150329_379617_RUNNING.jpg
2026-09-28 15:03:29,1790588009.538955,TRIPWIRE,HIGH,person,5,person crossed 'Border Line' (side 2 -> side 1),snapshots/20260928_150329_573406_TRIPWIRE.jpg
2026-09-28 15:03:30,1790588010.1383538,INTRUSION,HIGH,person,1,person entered 'Restricted Zone',snapshots/20260928_150330_170755_INTRUSION.jpg
2026-09-28 15:03:30,1790588010.340064,FACE_DETECTED,INFO,person,3,face detected on tracked person,
2026-09-28 15:03:30,1790588010.434541,TRIPWIRE,HIGH,person,3,person crossed 'Border Line' (side 2 -> side 1),snapshots/20260928_150330_471336_TRIPWIRE.jpg
2026-09-28 15:03:30,1790588010.532676,RUNNING,MEDIUM,person,3,person moving fast (0.31 widths/s),snapshots/20260928_150330_565619_RUNNING.jpg
2026-09-28 15:03:30,1790588010.6360588,RUNNING,MEDIUM,person,7,person moving fast (0.34 widths/s),snapshots/20260928_150330_668969_RUNNING.jpg
2026-09-28 15:03:32,1790588012.0300689,RUNNING,MEDIUM,person,1,person moving fast (0.45 widths/s),snapshots/20260928_150332_063995_RUNNING.jpg
2026-09-28 15:03:32,1790588012.332447,INTRUSION,HIGH,person,1,person entered 'Restricted Zone',snapshots/20260928_150332_379332_INTRUSION.jpg
2026-09-28 15:03:36,1790588016.839724,FACE_DETECTED,INFO,person,5,face detected on tracked person,
2026-09-28 15:03:38,1790588018.6396558,LOITERING,MEDIUM,person,3,person stationary > 8s,snapshots/20260928_150338_673490_LOITERING.jpg
2026-09-28 15:03:38,1790588018.839809,LOITERING,MEDIUM,person,7,person stationary > 8s,snapshots/20260928_150338_885228_LOITERING.jpg
2026-09-28 15:03:41,1790588021.33861,TRIPWIRE,HIGH,person,7,person crossed 'Border Line' (side 2 -> side 1),snapshots/20260928_150341_376495_TRIPWIRE.jpg
2026-09-28 15:03:43,1790588023.840087,INTRUSION,HIGH,person,3,person entered 'Restricted Zone',snapshots/20260928_150343_880364_INTRUSION.jpg
2026-09-28 15:03:44,1790588024.041582,LOITERING,MEDIUM,person,5,person stationary > 8s,snapshots/20260928_150344_073146_LOITERING.jpg
2026-09-28 15:03:44,1790588024.3417332,FACE_DETECTED,INFO,person,9,face detected on tracked person,
2026-09-28 15:03:44,1790588024.433532,INTRUSION,HIGH,person,9,person entered 'Restricted Zone',snapshots/20260928_150344_464921_INTRUSION.jpg
2026-09-28 15:03:48,1790588028.442286,INTRUSION,HIGH,person,5,person entered 'Restricted Zone',snapshots/20260928_150348_476313_INTRUSION.jpg
2026-09-28 15:03:48,1790588028.8400068,LOITERING,MEDIUM,person,7,person stationary > 8s,snapshots/20260928_150348_880892_LOITERING.jpg
2026-09-28 15:03:52,1790588032.0433412,LOITERING,MEDIUM,person,9,person stationary > 8s,snapshots/20260928_150352_077059_LOITERING.jpg
2026-09-28 15:03:52,1790588032.8437388,TRIPWIRE,HIGH,person,7,person crossed 'Border Line' (side 1 -> side 2),snapshots/20260928_150352_883596_TRIPWIRE.jpg
2026-09-28 15:03:54,1790588034.042079,LOITERING,MEDIUM,person,5,person stationary > 8s,snapshots/20260928_150354_074854_LOITERING.jpg
2026-09-28 15:04:00,1790588040.439803,INTRUSION,HIGH,person,12,person entered 'Restricted Zone',snapshots/20260928_150400_473112_INTRUSION.jpg
2026-09-28 15:04:04,1790588044.0445771,LOITERING,MEDIUM,person,5,person stationary > 8s,snapshots/20260928_150404_076956_LOITERING.jpg
2026-09-28 15:04:05,1790588045.245294,LOITERING,MEDIUM,person,9,person stationary > 8s,snapshots/20260928_150405_279397_LOITERING.jpg
2026-09-28 15:04:07,1790588047.34028,TRIPWIRE,HIGH,person,7,person crossed 'Border Line' (side 2 -> side 1),snapshots/20260928_150407_378013_TRIPWIRE.jpg
2026-09-28 15:04:07,1790588047.643161,RUNNING,MEDIUM,person,7,person moving fast (0.65 widths/s),snapshots/20260928_150407_676279_RUNNING.jpg
2026-09-28 15:04:08,1790588048.0441012,INTRUSION,HIGH,person,7,person entered 'Restricted Zone',snapshots/20260928_150408_077656_INTRUSION.jpg
2026-09-28 15:04:13,1790588053.245528,INTRUSION,HIGH,person,14,person entered 'Restricted Zone',snapshots/20260928_150413_278547_INTRUSION.jpg
2026-09-28 15:04:13,1790588053.945933,INTRUSION,HIGH,person,15,person entered 'Restricted Zone',snapshots/20260928_150413_979281_INTRUSION.jpg
2026-09-28 15:04:14,1790588054.14548,LOITERING,MEDIUM,person,5,person stationary > 8s,snapshots/20260928_150414_180068_LOITERING.jpg
2026-09-28 15:04:16,1790588056.246634,LOITERING,MEDIUM,person,9,person stationary > 8s,snapshots/20260928_150416_280468_LOITERING.jpg
2026-09-28 15:04:17,1790588057.447956,LOITERING,MEDIUM,person,13,person stationary > 8s,snapshots/20260928_150417_480875_LOITERING.jpg
2026-09-28 15:04:19,1790588059.44401,INTRUSION,HIGH,person,14,person entered 'Restricted Zone',snapshots/20260928_150419_477921_INTRUSION.jpg
2026-09-28 15:04:19,1790588059.647211,RUNNING,MEDIUM,person,14,person moving fast (0.53 widths/s),snapshots/20260928_150419_681794_RUNNING.jpg
2026-09-28 15:04:27,1790588067.480172,LOITERING,MEDIUM,person,13,person stationary > 8s,snapshots/20260928_150427_512792_LOITERING.jpg
2026-09-28 15:04:29,1790588069.8795362,LOITERING,MEDIUM,person,5,person stationary > 8s,snapshots/20260928_150429_918634_LOITERING.jpg
2026-09-28 15:04:32,1790588072.883439,INTRUSION,HIGH,person,21,person entered 'Restricted Zone',snapshots/20260928_150432_925459_INTRUSION.jpg
2026-09-28 15:04:33,1790588073.2790458,INTRUSION,HIGH,person,21,person entered 'Restricted Zone',snapshots/20260928_150433_312681_INTRUSION.jpg
2026-09-28 15:04:35,1790588075.6784399,INTRUSION,HIGH,person,22,person entered 'Restricted Zone',snapshots/20260928_150435_711320_INTRUSION.jpg
2026-09-28 15:04:36,1790588076.685138,GROUP_INTRUSION,HIGH,,-1,3 persons inside 'Restricted Zone',snapshots/20260928_150436_717836_GROUP_INTRUSION.jpg
2026-09-28 15:04:37,1790588077.480556,LOITERING,MEDIUM,person,13,person stationary > 8s,snapshots/20260928_150437_513489_LOITERING.jpg
2026-09-28 15:04:38,1790588078.180632,INTRUSION,HIGH,person,21,person entered 'Restricted Zone',snapshots/20260928_150438_213313_INTRUSION.jpg
2026-09-28 15:04:38,1790588078.58045,INTRUSION,HIGH,person,5,person entered 'Restricted Zone',snapshots/20260928_150438_611725_INTRUSION.jpg
2026-09-28 15:04:38,1790588078.877629,LOITERING,MEDIUM,person,9,person stationary > 8s,snapshots/20260928_150438_919322_LOITERING.jpg
2026-09-28 15:04:40,1790588079.984133,LOITERING,MEDIUM,person,5,person stationary > 8s,snapshots/20260928_150440_017345_LOITERING.jpg
2026-09-28 15:04:40,1790588079.984133,LOITERING,MEDIUM,person,21,person stationary > 8s,snapshots/20260928_150440_019467_LOITERING.jpg
2026-09-28 15:04:42,1790588082.0855381,LOITERING,MEDIUM,person,22,person stationary > 8s,snapshots/20260928_150442_117460_LOITERING.jpg
2026-09-28 15:04:43,1790588083.580771,INTRUSION,HIGH,person,21,person entered 'Restricted Zone',snapshots/20260928_150443_612273_INTRUSION.jpg
2026-09-28 15:04:45,1790588085.880142,FACE_DETECTED,INFO,person,21,face detected on tracked person,
2026-09-28 15:04:46,1790588086.0847201,INTRUSION,HIGH,person,21,person entered 'Restricted Zone',snapshots/20260928_150446_117177_INTRUSION.jpg
2026-09-28 15:04:48,1790588088.583843,INTRUSION,HIGH,person,21,person entered 'Restricted Zone',snapshots/20260928_150448_618185_INTRUSION.jpg
2026-09-28 15:04:48,1790588088.881171,LOITERING,MEDIUM,person,9,person stationary > 8s,snapshots/20260928_150448_917248_LOITERING.jpg
2026-09-28 15:04:50,1790588090.087213,LOITERING,MEDIUM,person,5,person stationary > 8s,snapshots/20260928_150450_120222_LOITERING.jpg
2026-09-28 15:04:52,1790588092.18181,LOITERING,MEDIUM,person,13,person stationary > 8s,snapshots/20260928_150452_214836_LOITERING.jpg
2026-09-28 15:04:52,1790588092.781565,INTRUSION,HIGH,person,24,person entered 'Restricted Zone',snapshots/20260928_150452_814176_INTRUSION.jpg
2026-09-28 15:04:56,1790588095.979962,INTRUSION,HIGH,person,25,person entered 'Restricted Zone',snapshots/20260928_150456_012328_INTRUSION.jpg
2026-09-28 15:04:56,1790588096.380024,FACE_DETECTED,INFO,person,28,face detected on tracked person,
2026-09-28 15:04:58,1790588098.8851252,LOITERING,MEDIUM,person,9,person stationary > 8s,snapshots/20260928_150458_927635_LOITERING.jpg
2026-09-28 15:05:00,1790588100.48206,GROUP_INTRUSION,HIGH,,-1,3 persons inside 'Restricted Zone',snapshots/20260928_150500_513829_GROUP_INTRUSION.jpg
2026-09-28 15:05:00,1790588100.68542,RUNNING,MEDIUM,person,5,person moving fast (0.32 widths/s),snapshots/20260928_150500_718096_RUNNING.jpg
2026-09-28 15:05:01,1790588101.6844249,INTRUSION,HIGH,person,28,person entered 'Restricted Zone',snapshots/20260928_150501_717062_INTRUSION.jpg
2026-09-28 15:05:03,1790588103.184653,INTRUSION,HIGH,person,5,person entered 'Restricted Zone',snapshots/20260928_150503_217654_INTRUSION.jpg
2026-09-28 15:05:03,1790588103.786604,LOITERING,MEDIUM,person,13,person stationary > 8s,snapshots/20260928_150503_818870_LOITERING.jpg
2026-09-28 15:05:08,1790588108.885612,LOITERING,MEDIUM,person,9,person stationary > 8s,snapshots/20260928_150508_930655_LOITERING.jpg
2026-09-28 15:05:11,1790588110.982851,LOITERING,MEDIUM,person,26,person stationary > 8s,snapshots/20260928_150511_014427_LOITERING.jpg
2026-09-28 15:05:13,1790588113.816159,LOITERING,MEDIUM,person,13,person stationary > 8s,snapshots/20260928_150513_849006_LOITERING.jpg
2026-09-28 15:05:18,1790588118.916596,LOITERING,MEDIUM,person,9,person stationary > 8s,snapshots/20260928_150518_961566_LOITERING.jpg
2026-09-28 15:05:23,1790588123.921943,LOITERING,MEDIUM,person,26,person stationary > 8s,snapshots/20260928_150523_966488_LOITERING.jpg
2026-09-28 15:05:25,1790588125.320437,LOITERING,MEDIUM,person,13,person stationary > 8s,snapshots/20260928_150525_351961_LOITERING.jpg
2026-09-28 15:05:28,1790588128.921526,LOITERING,MEDIUM,person,9,person stationary > 8s,snapshots/20260928_150528_964310_LOITERING.jpg
2026-09-28 15:05:34,1790588134.922509,LOITERING,MEDIUM,person,26,person stationary > 8s,snapshots/20260928_150534_964185_LOITERING.jpg
2026-09-28 15:05:35,1790588135.322626,LOITERING,MEDIUM,person,13,person stationary > 8s,snapshots/20260928_150535_356006_LOITERING.jpg
2026-09-28 15:05:38,1790588138.9192908,FACE_DETECTED,INFO,person,32,face detected on tracked person,
2026-09-28 15:05:39,1790588139.016282,LOITERING,MEDIUM,person,9,person stationary > 8s,snapshots/20260928_150539_051523_LOITERING.jpg
2026-09-28 15:05:41,1790588141.3230278,LOITERING,MEDIUM,person,32,person stationary > 8s,snapshots/20260928_150541_355753_LOITERING.jpg
2026-09-28 15:05:45,1790588145.422873,LOITERING,MEDIUM,person,13,person stationary > 8s,snapshots/20260928_150545_457700_LOITERING.jpg
2026-09-28 15:05:49,1790588149.02368,LOITERING,MEDIUM,person,9,person stationary > 8s,snapshots/20260928_150549_054979_LOITERING.jpg
2026-09-28 15:05:51,1790588151.422781,LOITERING,MEDIUM,person,32,person stationary > 8s,snapshots/20260928_150551_456511_LOITERING.jpg
2026-09-28 15:05:55,1790588155.423059,LOITERING,MEDIUM,person,13,person stationary > 8s,snapshots/20260928_150555_457832_LOITERING.jpg
2026-09-28 15:05:59,1790588159.12195,LOITERING,MEDIUM,person,9,person stationary > 8s,snapshots/20260928_150559_153207_LOITERING.jpg
2026-09-28 15:06:01,1790588161.4235032,LOITERING,MEDIUM,person,32,person stationary > 8s,snapshots/20260928_150601_459317_LOITERING.jpg
2026-09-28 15:06:05,1790588165.524197,LOITERING,MEDIUM,person,13,person stationary > 8s,snapshots/20260928_150605_555818_LOITERING.jpg
2026-09-28 15:06:06,1790588166.726696,TRIPWIRE,HIGH,person,13,person crossed 'Border Line' (side 2 -> side 1),snapshots/20260928_150606_759629_TRIPWIRE.jpg
2026-09-28 15:06:06,1790588166.924512,INTRUSION,HIGH,person,9,person entered 'Restricted Zone',snapshots/20260928_150606_965605_INTRUSION.jpg
2026-09-28 15:06:07,1790588167.1243038,INTRUSION,HIGH,person,32,person entered 'Restricted Zone',snapshots/20260928_150607_156568_INTRUSION.jpg
2026-09-28 15:06:09,1790588169.85612,INTRUSION,HIGH,person,13,person entered 'Restricted Zone',snapshots/20260928_150609_888349_INTRUSION.jpg
2026-09-28 15:06:11,1790588171.456395,LOITERING,MEDIUM,person,32,person stationary > 8s,snapshots/20260928_150611_492624_LOITERING.jpg
2026-09-28 15:06:15,1790588175.560807,LOITERING,MEDIUM,person,9,person stationary > 8s,snapshots/20260928_150615_593888_LOITERING.jpg
2026-09-28 15:06:21,1790588181.459268,LOITERING,MEDIUM,person,32,person stationary > 8s,snapshots/20260928_150621_496525_LOITERING.jpg
2026-09-28 15:06:22,1790588182.1592891,LOITERING,MEDIUM,person,34,person stationary > 8s,snapshots/20260928_150622_192306_LOITERING.jpg
2026-09-28 15:06:25,1790588185.655972,LOITERING,MEDIUM,person,9,person stationary > 8s,snapshots/20260928_150625_687797_LOITERING.jpg
2026-09-28 15:06:31,1790588191.464352,LOITERING,MEDIUM,person,32,person stationary > 8s,snapshots/20260928_150631_501753_LOITERING.jpg
2026-09-28 15:06:34,1790588194.661162,LOITERING,MEDIUM,person,34,person stationary > 8s,snapshots/20260928_150634_695857_LOITERING.jpg
2026-09-28 15:06:35,1790588195.660568,LOITERING,MEDIUM,person,9,person stationary > 8s,snapshots/20260928_150635_692458_LOITERING.jpg
2026-09-28 15:06:41,1790588201.5599911,LOITERING,MEDIUM,person,32,person stationary > 8s,snapshots/20260928_150641_591235_LOITERING.jpg
2026-09-28 15:06:42,1790588202.1611578,TRIPWIRE,HIGH,person,34,person crossed 'Border Line' (side 2 -> side 1),snapshots/20260928_150642_194077_TRIPWIRE.jpg
2026-09-28 15:06:42,1790588202.793877,INTRUSION,HIGH,person,9,person entered 'Restricted Zone',snapshots/20260928_150642_827308_INTRUSION.jpg
2026-09-28 15:06:43,1790588202.995374,FACE_DETECTED,INFO,person,37,face detected on tracked person,
2026-09-28 15:06:43,1790588203.527939,FACE_DETECTED,INFO,person,34,face detected on tracked person,
2026-09-28 15:06:45,1790588205.8620312,RUNNING,MEDIUM,person,9,person moving fast (0.32 widths/s),snapshots/20260928_150645_897100_RUNNING.jpg
2026-09-28 15:06:47,1790588207.062447,FACE_DETECTED,INFO,person,38,face detected on tracked person,
2026-09-28 15:06:47,1790588207.462343,INTRUSION,HIGH,person,39,person entered 'Restricted Zone',snapshots/20260928_150647_497183_INTRUSION.jpg
2026-09-28 15:06:47,1790588207.556732,FACE_DETECTED,INFO,person,40,face detected on tracked person,
2026-09-28 15:06:50,1790588210.362956,INTRUSION,HIGH,person,40,person entered 'Restricted Zone',snapshots/20260928_150650_397538_INTRUSION.jpg
2026-09-28 15:06:50,1790588210.5578072,INTRUSION,HIGH,person,38,person entered 'Restricted Zone',snapshots/20260928_150650_590695_INTRUSION.jpg
2026-09-28 15:06:50,1790588210.8604531,LOITERING,MEDIUM,person,37,person stationary > 8s,snapshots/20260928_150650_894148_LOITERING.jpg
2026-09-28 15:06:52,1790588212.2639449,INTRUSION,HIGH,person,38,person entered 'Restricted Zone',snapshots/20260928_150652_299414_INTRUSION.jpg
2026-09-28 15:06:54,1790588214.562894,LOITERING,MEDIUM,person,32,person stationary > 8s,snapshots/20260928_150654_596433_LOITERING.jpg
2026-09-28 15:06:57,1790588217.2652328,LOITERING,MEDIUM,person,9,person stationary > 8s,snapshots/20260928_150657_300279_LOITERING.jpg
2026-09-28 15:06:57,1790588217.5637052,INTRUSION,HIGH,person,43,person entered 'Restricted Zone',snapshots/20260928_150657_601305_INTRUSION.jpg
2026-09-28 15:07:02,1790588222.468079,INTRUSION,HIGH,person,45,person entered 'Restricted Zone',snapshots/20260928_150702_502615_INTRUSION.jpg
2026-09-28 15:07:04,1790588224.1676748,TRIPWIRE,HIGH,person,34,person crossed 'Border Line' (side 2 -> side 1),snapshots/20260928_150704_202482_TRIPWIRE.jpg
2026-09-28 15:07:04,1790588224.3569422,INTRUSION,HIGH,person,9,person entered 'Restricted Zone',snapshots/20260928_150704_392260_INTRUSION.jpg
2026-09-28 15:07:04,1790588224.3569422,INTRUSION,HIGH,person,32,person entered 'Restricted Zone',snapshots/20260928_150704_394293_INTRUSION.jpg
2026-09-28 15:07:04,1790588224.3569422,GROUP_INTRUSION,HIGH,,-1,3 persons inside 'Restricted Zone',snapshots/20260928_150704_395966_GROUP_INTRUSION.jpg
2026-09-28 15:07:04,1790588224.567698,RUNNING,MEDIUM,person,9,person moving fast (0.37 widths/s),snapshots/20260928_150704_600969_RUNNING.jpg
2026-09-28 15:07:04,1790588224.567698,RUNNING,MEDIUM,person,45,person moving fast (0.34 widths/s),snapshots/20260928_150704_603014_RUNNING.jpg
2026-09-28 15:07:04,1790588224.656362,RUNNING,MEDIUM,person,32,person moving fast (0.35 widths/s),snapshots/20260928_150704_688521_RUNNING.jpg
2026-09-28 15:07:06,1790588226.600647,FACE_DETECTED,INFO,person,48,face detected on tracked person,
2026-09-28 15:07:10,1790588230.232909,RUNNING,MEDIUM,person,50,person moving fast (0.38 widths/s),snapshots/20260928_150710_265862_RUNNING.jpg
2026-09-28 15:07:10,1790588230.430485,INTRUSION,HIGH,person,50,person entered 'Restricted Zone',snapshots/20260928_150710_462472_INTRUSION.jpg
2026-09-28 15:07:12,1790588232.332638,LOITERING,MEDIUM,person,47,person stationary > 8s,snapshots/20260928_150712_367660_LOITERING.jpg
2026-09-28 15:07:13,1790588232.96561,LOITERING,MEDIUM,person,34,person stationary > 8s,snapshots/20260928_150713_000722_LOITERING.jpg
2026-09-28 15:07:13,1790588232.96561,TRIPWIRE,HIGH,person,51,person crossed 'Border Line' (side 2 -> side 1),snapshots/20260928_150713_002796_TRIPWIRE.jpg
2026-09-28 15:07:13,1790588232.96561,RUNNING,MEDIUM,person,51,person moving fast (0.62 widths/s),snapshots/20260928_150713_004305_RUNNING.jpg
2026-09-28 15:07:13,1790588233.1690319,INTRUSION,HIGH,person,51,person entered 'Restricted Zone',snapshots/20260928_150713_208648_INTRUSION.jpg
2026-09-28 15:07:13,1790588233.3678012,LOITERING,MEDIUM,person,48,person stationary > 8s,snapshots/20260928_150713_401530_LOITERING.jpg
2026-09-28 15:07:15,1790588235.36603,RUNNING,MEDIUM,person,48,person moving fast (0.31 widths/s),snapshots/20260928_150715_403241_RUNNING.jpg
2026-09-28 15:07:16,1790588236.165855,INTRUSION,HIGH,person,52,person entered 'Restricted Zone',snapshots/20260928_150716_207250_INTRUSION.jpg
2026-09-28 15:07:17,1790588237.367986,INTRUSION,HIGH,person,51,person entered 'Restricted Zone',snapshots/20260928_150717_401683_INTRUSION.jpg
2026-09-28 15:07:20,1790588240.668155,LOITERING,MEDIUM,person,32,person stationary > 8s,snapshots/20260928_150720_709270_LOITERING.jpg
2026-09-28 15:07:20,1790588240.867378,TRIPWIRE,HIGH,person,34,person crossed 'Border Line' (side 2 -> side 1),snapshots/20260928_150720_900862_TRIPWIRE.jpg
2026-09-28 15:07:20,1790588240.867378,RUNNING,MEDIUM,person,34,person moving fast (0.50 widths/s),snapshots/20260928_150720_902799_RUNNING.jpg
2026-09-28 15:07:20,1790588240.867378,GROUP_INTRUSION,HIGH,,-1,3 persons inside 'Restricted Zone',snapshots/20260928_150720_904383_GROUP_INTRUSION.jpg
2026-09-28 15:07:21,1790588241.066118,INTRUSION,HIGH,person,32,person entered 'Restricted Zone',snapshots/20260928_150721_098893_INTRUSION.jpg
2026-09-28 15:07:21,1790588241.066118,RUNNING,MEDIUM,person,32,person moving fast (0.31 widths/s),snapshots/20260928_150721_100888_RUNNING.jpg
2026-09-28 15:07:21,1790588241.160362,FACE_DETECTED,INFO,person,51,face detected on tracked person,
2026-09-28 15:07:21,1790588241.503266,INTRUSION,HIGH,person,34,person entered 'Restricted Zone',snapshots/20260928_150721_536755_INTRUSION.jpg
2026-09-28 15:07:22,1790588242.4944441,LOITERING,MEDIUM,person,47,person stationary > 8s,snapshots/20260928_150722_528351_LOITERING.jpg
2026-09-28 15:07:22,1790588242.794754,INTRUSION,HIGH,person,32,person entered 'Restricted Zone',snapshots/20260928_150722_829663_INTRUSION.jpg
2026-09-28 15:07:23,1790588243.201449,FACE_DETECTED,INFO,person,47,face detected on tracked person,
2026-09-28 15:07:23,1790588243.6988008,INTRUSION,HIGH,person,47,person entered 'Restricted Zone',snapshots/20260928_150723_733241_INTRUSION.jpg
2026-09-28 15:07:24,1790588244.899368,TRIPWIRE,HIGH,person,32,person crossed 'Border Line' (side 1 -> side 2),snapshots/20260928_150724_931154_TRIPWIRE.jpg
2026-09-28 15:07:24,1790588244.899368,TRIPWIRE,HIGH,person,51,person crossed 'Border Line' (side 1 -> side 2),snapshots/20260928_150724_933215_TRIPWIRE.jpg
2026-09-28 15:07:25,1790588245.195555,FACE_DETECTED,INFO,person,55,face detected on tracked person,
2026-09-28 15:07:25,1790588245.403007,INTRUSION,HIGH,person,54,person entered 'Restricted Zone',snapshots/20260928_150725_440132_INTRUSION.jpg
2026-09-28 15:07:25,1790588245.403007,RUNNING,MEDIUM,person,55,person moving fast (0.37 widths/s),snapshots/20260928_150725_442202_RUNNING.jpg
2026-09-28 15:07:26,1790588246.698654,TRIPWIRE,HIGH,person,54,person crossed 'Border Line' (side 1 -> side 2),snapshots/20260928_150726_734580_TRIPWIRE.jpg
2026-09-28 15:07:26,1790588246.698654,RUNNING,MEDIUM,person,54,person moving fast (0.41 widths/s),snapshots/20260928_150726_736581_RUNNING.jpg
2026-09-28 15:07:26,1790588246.795726,INTRUSION,HIGH,person,47,person entered 'Restricted Zone',snapshots/20260928_150726_830233_INTRUSION.jpg
2026-09-28 15:07:27,1790588247.5988219,INTRUSION,HIGH,person,47,person entered 'Restricted Zone',snapshots/20260928_150727_633484_INTRUSION.jpg
2026-09-28 15:07:30,1790588250.5019178,INTRUSION,HIGH,person,34,person entered 'Restricted Zone',snapshots/20260928_150730_536792_INTRUSION.jpg
2026-09-28 15:07:32,1790588252.204455,INTRUSION,HIGH,person,34,person entered 'Restricted Zone',snapshots/20260928_150732_252891_INTRUSION.jpg
2026-09-28 15:07:32,1790588252.4370391,RUNNING,MEDIUM,person,57,person moving fast (0.39 widths/s),snapshots/20260928_150732_471366_RUNNING.jpg
2026-09-28 15:07:32,1790588252.530831,GROUP_INTRUSION,HIGH,,-1,3 persons inside 'Restricted Zone',snapshots/20260928_150732_565723_GROUP_INTRUSION.jpg
2026-09-28 15:07:32,1790588252.7372139,INTRUSION,HIGH,person,55,person entered 'Restricted Zone',snapshots/20260928_150732_787179_INTRUSION.jpg
2026-09-28 15:07:33,1790588252.970747,RUNNING,MEDIUM,person,51,person moving fast (0.33 widths/s),snapshots/20260928_150733_004746_RUNNING.jpg
2026-09-28 15:07:33,1790588253.06283,INTRUSION,HIGH,person,51,person entered 'Restricted Zone',snapshots/20260928_150733_097986_INTRUSION.jpg
2026-09-28 15:07:33,1790588253.163024,INTRUSION,HIGH,person,47,person entered 'Restricted Zone',snapshots/20260928_150733_196922_INTRUSION.jpg
2026-09-28 15:07:33,1790588253.263755,FACE_DETECTED,INFO,person,57,face detected on tracked person,
2026-09-28 15:07:33,1790588253.768676,RUNNING,MEDIUM,person,47,person moving fast (0.35 widths/s),snapshots/20260928_150733_800771_RUNNING.jpg
2026-09-28 15:07:34,1790588254.266187,FACE_DETECTED,INFO,person,54,face detected on tracked person,
2026-09-28 15:07:34,1790588254.471425,INTRUSION,HIGH,person,34,person entered 'Restricted Zone',snapshots/20260928_150734_504698_INTRUSION.jpg
2026-09-28 15:07:34,1790588254.471425,INTRUSION,HIGH,person,47,person entered 'Restricted Zone',snapshots/20260928_150734_506897_INTRUSION.jpg
2026-09-28 15:07:35,1790588255.3667421,TRIPWIRE,HIGH,person,32,person crossed 'Border Line' (side 2 -> side 1),snapshots/20260928_150735_400974_TRIPWIRE.jpg
2026-09-28 15:07:35,1790588255.8700109,RUNNING,MEDIUM,person,32,person moving fast (0.48 widths/s),snapshots/20260928_150735_904760_RUNNING.jpg
2026-09-28 15:07:35,1790588255.8700109,INTRUSION,HIGH,person,34,person entered 'Restricted Zone',snapshots/20260928_150735_906849_INTRUSION.jpg
2026-09-28 15:07:36,1790588256.666069,INTRUSION,HIGH,person,34,person entered 'Restricted Zone',snapshots/20260928_150736_701335_INTRUSION.jpg
2026-09-28 15:07:36,1790588256.767448,FACE_DETECTED,INFO,person,59,face detected on tracked person,
2026-09-28 15:07:37,1790588257.370429,INTRUSION,HIGH,person,47,person entered 'Restricted Zone',snapshots/20260928_150737_403739_INTRUSION.jpg
2026-09-28 15:07:37,1790588257.46444,INTRUSION,HIGH,person,34,person entered 'Restricted Zone',snapshots/20260928_150737_499063_INTRUSION.jpg
2026-09-28 15:07:38,1790588258.269679,INTRUSION,HIGH,person,34,person entered 'Restricted Zone',snapshots/20260928_150738_307720_INTRUSION.jpg
2026-09-28 15:07:38,1790588258.362922,TRIPWIRE,HIGH,person,59,person crossed 'Border Line' (side 2 -> side 1),snapshots/20260928_150738_396625_TRIPWIRE.jpg
2026-09-28 15:07:39,1790588259.2670112,TRIPWIRE,HIGH,person,57,person crossed 'Border Line' (side 2 -> side 1),snapshots/20260928_150739_311826_TRIPWIRE.jpg
2026-09-28 15:07:39,1790588259.362157,INTRUSION,HIGH,person,47,person entered 'Restricted Zone',snapshots/20260928_150739_397359_INTRUSION.jpg
2026-09-28 15:07:39,1790588259.462142,INTRUSION,HIGH,person,57,person entered 'Restricted Zone',snapshots/20260928_150739_491460_INTRUSION.jpg
2026-09-28 15:07:39,1790588259.7691488,FACE_DETECTED,INFO,person,60,face detected on tracked person,
2026-09-28 15:07:40,1790588260.101341,INTRUSION,HIGH,person,34,person entered 'Restricted Zone',snapshots/20260928_150740_134828_INTRUSION.jpg
2026-09-28 15:07:40,1790588260.101341,INTRUSION,HIGH,person,47,person entered 'Restricted Zone',snapshots/20260928_150740_136822_INTRUSION.jpg
2026-09-28 15:07:40,1790588260.801405,INTRUSION,HIGH,person,47,person entered 'Restricted Zone',snapshots/20260928_150740_834348_INTRUSION.jpg
2026-09-28 15:07:41,1790588261.201961,LOITERING,MEDIUM,person,34,person stationary > 8s,snapshots/20260928_150741_235547_LOITERING.jpg
2026-09-28 15:07:41,1790588261.296152,INTRUSION,HIGH,person,34,person entered 'Restricted Zone',snapshots/20260928_150741_333518_INTRUSION.jpg
2026-09-28 15:07:43,1790588263.202831,INTRUSION,HIGH,person,57,person entered 'Restricted Zone',snapshots/20260928_150743_235594_INTRUSION.jpg
2026-09-28 15:07:43,1790588263.7033632,INTRUSION,HIGH,person,34,person entered 'Restricted Zone',snapshots/20260928_150743_736922_INTRUSION.jpg
2026-09-28 15:07:43,1790588263.7033632,INTRUSION,HIGH,person,57,person entered 'Restricted Zone',snapshots/20260928_150743_738981_INTRUSION.jpg
2026-09-28 15:07:44,1790588264.1012769,INTRUSION,HIGH,person,34,person entered 'Restricted Zone',snapshots/20260928_150744_134555_INTRUSION.jpg
2026-09-28 15:07:44,1790588264.7961621,TRIPWIRE,HIGH,person,55,person crossed 'Border Line' (side 1 -> side 2),snapshots/20260928_150744_838327_TRIPWIRE.jpg
2026-09-28 15:07:44,1790588264.7961621,RUNNING,MEDIUM,person,55,person moving fast (0.33 widths/s),snapshots/20260928_150744_840280_RUNNING.jpg
2026-09-28 15:07:44,1790588264.7961621,INTRUSION,HIGH,person,57,person entered 'Restricted Zone',snapshots/20260928_150744_842268_INTRUSION.jpg
2026-09-28 15:07:44,1790588264.7961621,FACE_DETECTED,INFO,person,63,face detected on tracked person,
2026-09-28 15:07:46,1790588265.998836,INTRUSION,HIGH,person,34,person entered 'Restricted Zone',snapshots/20260928_150746_033742_INTRUSION.jpg
2026-09-28 15:07:46,1790588265.998836,INTRUSION,HIGH,person,57,person entered 'Restricted Zone',snapshots/20260928_150746_035740_INTRUSION.jpg
2026-09-28 15:07:46,1790588266.299668,FACE_DETECTED,INFO,person,64,face detected on tracked person,
2026-09-28 15:07:46,1790588266.397643,INTRUSION,HIGH,person,34,person entered 'Restricted Zone',snapshots/20260928_150746_429754_INTRUSION.jpg
2026-09-28 15:07:47,1790588267.605372,RUNNING,MEDIUM,person,54,person moving fast (0.31 widths/s),snapshots/20260928_150747_638823_RUNNING.jpg
2026-09-28 15:07:48,1790588268.803581,INTRUSION,HIGH,person,34,person entered 'Restricted Zone',snapshots/20260928_150748_838008_INTRUSION.jpg
2026-09-28 15:07:49,1790588269.394377,INTRUSION,HIGH,person,34,person entered 'Restricted Zone',snapshots/20260928_150749_427418_INTRUSION.jpg
2026-09-28 15:07:51,1790588271.204289,LOITERING,MEDIUM,person,34,person stationary > 8s,snapshots/20260928_150751_236920_LOITERING.jpg
2026-09-28 15:07:51,1790588271.80533,RUNNING,MEDIUM,person,57,person moving fast (0.40 widths/s),snapshots/20260928_150751_842757_RUNNING.jpg
2026-09-28 15:07:52,1790588272.2048268,INTRUSION,HIGH,person,34,person entered 'Restricted Zone',snapshots/20260928_150752_238421_INTRUSION.jpg
2026-09-28 15:07:52,1790588272.2048268,RUNNING,MEDIUM,person,34,person moving fast (0.31 widths/s),snapshots/20260928_150752_240449_RUNNING.jpg
2026-09-28 15:07:52,1790588272.2048268,INTRUSION,HIGH,person,57,person entered 'Restricted Zone',snapshots/20260928_150752_241908_INTRUSION.jpg
2026-09-28 15:07:52,1790588272.2048268,RUNNING,MEDIUM,person,63,person moving fast (0.47 widths/s),snapshots/20260928_150752_243372_RUNNING.jpg
2026-09-28 15:07:52,1790588272.2048268,GROUP_INTRUSION,HIGH,,-1,3 persons inside 'Restricted Zone',snapshots/20260928_150752_244749_GROUP_INTRUSION.jpg
2026-09-28 15:07:52,1790588272.506351,INTRUSION,HIGH,person,63,person entered 'Restricted Zone',snapshots/20260928_150752_540423_INTRUSION.jpg
2026-09-28 15:07:53,1790588273.102741,RUNNING,MEDIUM,person,67,person moving fast (0.30 widths/s),snapshots/20260928_150753_135793_RUNNING.jpg
2026-09-28 15:07:53,1790588273.500803,TRIPWIRE,HIGH,person,34,person crossed 'Border Line' (side 1 -> side 2),snapshots/20260928_150753_533125_TRIPWIRE.jpg
2026-09-28 15:07:53,1790588273.60026,INTRUSION,HIGH,person,70,person entered 'Restricted Zone',snapshots/20260928_150753_631497_INTRUSION.jpg
2026-09-28 15:07:53,1790588273.803653,FACE_DETECTED,INFO,person,71,face detected on tracked person,
2026-09-28 15:07:54,1790588274.303066,FACE_DETECTED,INFO,person,73,face detected on tracked person,
2026-09-28 15:07:55,1790588275.500441,INTRUSION,HIGH,person,57,person entered 'Restricted Zone',snapshots/20260928_150755_535066_INTRUSION.jpg
2026-09-28 15:07:58,1790588278.304503,FACE_DETECTED,INFO,person,70,face detected on tracked person,
2026-09-28 15:07:58,1790588278.9003808,TRIPWIRE,HIGH,person,73,person crossed 'Border Line' (side 2 -> side 1),snapshots/20260928_150758_933859_TRIPWIRE.jpg
2026-09-28 15:07:58,1790588278.9003808,INTRUSION,HIGH,person,74,person entered 'Restricted Zone',snapshots/20260928_150758_935901_INTRUSION.jpg
2026-09-28 15:07:59,1790588279.10547,TRIPWIRE,HIGH,person,57,person crossed 'Border Line' (side 1 -> side 2),snapshots/20260928_150759_139262_TRIPWIRE.jpg
2026-09-28 15:07:59,1790588279.305114,FACE_DETECTED,INFO,person,74,face detected on tracked person,
2026-09-28 15:07:59,1790588279.5042539,RUNNING,MEDIUM,person,74,person moving fast (0.40 widths/s),snapshots/20260928_150759_533911_RUNNING.jpg
2026-09-28 15:07:59,1790588279.704792,RUNNING,MEDIUM,person,73,person moving fast (0.39 widths/s),snapshots/20260928_150759_735880_RUNNING.jpg
2026-09-28 15:08:00,1790588280.504396,INTRUSION,HIGH,person,70,person entered 'Restricted Zone',snapshots/20260928_150800_540142_INTRUSION.jpg
2026-09-28 15:08:00,1790588280.903379,LOITERING,MEDIUM,person,70,person stationary > 8s,snapshots/20260928_150800_935801_LOITERING.jpg
2026-09-28 15:08:01,1790588281.305953,LOITERING,MEDIUM,person,71,person stationary > 8s,snapshots/20260928_150801_342824_LOITERING.jpg
2026-09-28 15:08:02,1790588282.8005881,INTRUSION,HIGH,person,71,person entered 'Restricted Zone',snapshots/20260928_150802_834526_INTRUSION.jpg
2026-09-28 15:08:03,1790588283.0057669,INTRUSION,HIGH,person,74,person entered 'Restricted Zone',snapshots/20260928_150803_040232_INTRUSION.jpg
2026-09-28 15:08:04,1790588284.105527,TRIPWIRE,HIGH,person,74,person crossed 'Border Line' (side 1 -> side 2),snapshots/20260928_150804_138517_TRIPWIRE.jpg
2026-09-28 15:08:04,1790588284.9009652,INTRUSION,HIGH,person,70,person entered 'Restricted Zone',snapshots/20260928_150804_933984_INTRUSION.jpg
2026-09-28 15:08:05,1790588285.3098948,TRIPWIRE,HIGH,person,71,person crossed 'Border Line' (side 1 -> side 2),snapshots/20260928_150805_345246_TRIPWIRE.jpg
2026-09-28 15:08:05,1790588285.705782,GROUP_INTRUSION,HIGH,,-1,3 persons inside 'Restricted Zone',snapshots/20260928_150805_738857_GROUP_INTRUSION.jpg
2026-09-28 15:08:05,1790588285.8016992,INTRUSION,HIGH,person,76,person entered 'Restricted Zone',snapshots/20260928_150805_839441_INTRUSION.jpg
2026-09-28 15:08:06,1790588286.006457,INTRUSION,HIGH,person,70,person entered 'Restricted Zone',snapshots/20260928_150806_043456_INTRUSION.jpg
2026-09-28 15:08:06,1790588286.2061288,RUNNING,MEDIUM,person,76,person moving fast (0.60 widths/s),snapshots/20260928_150806_240208_RUNNING.jpg
2026-09-28 15:08:06,1790588286.296604,INTRUSION,HIGH,person,76,person entered 'Restricted Zone',snapshots/20260928_150806_333605_INTRUSION.jpg
2026-09-28 15:08:06,1790588286.296604,FACE_DETECTED,INFO,person,76,face detected on tracked person,
2026-09-28 15:08:07,1790588287.406015,INTRUSION,HIGH,person,70,person entered 'Restricted Zone',snapshots/20260928_150807_439334_INTRUSION.jpg
2026-09-28 15:08:08,1790588288.406829,RUNNING,MEDIUM,person,71,person moving fast (0.35 widths/s),snapshots/20260928_150808_440822_RUNNING.jpg
2026-09-28 15:08:08,1790588288.802559,INTRUSION,HIGH,person,70,person entered 'Restricted Zone',snapshots/20260928_150808_835125_INTRUSION.jpg
2026-09-28 15:08:09,1790588289.0061362,INTRUSION,HIGH,person,76,person entered 'Restricted Zone',snapshots/20260928_150809_039479_INTRUSION.jpg
2026-09-28 15:08:09,1790588289.305731,TRIPWIRE,HIGH,person,57,person crossed 'Border Line' (side 1 -> side 2),snapshots/20260928_150809_340606_TRIPWIRE.jpg
2026-09-28 15:08:10,1790588290.0025668,TRIPWIRE,HIGH,person,55,person crossed 'Border Line' (side 2 -> side 1),snapshots/20260928_150810_035623_TRIPWIRE.jpg
2026-09-28 15:08:10,1790588290.507522,INTRUSION,HIGH,person,70,person entered 'Restricted Zone',snapshots/20260928_150810_543152_INTRUSION.jpg
2026-09-28 15:08:10,1790588290.806239,FACE_DETECTED,INFO,person,77,face detected on tracked person,
2026-09-28 15:08:12,1790588292.8061,INTRUSION,HIGH,person,76,person entered 'Restricted Zone',snapshots/20260928_150812_840341_INTRUSION.jpg
2026-09-28 15:08:13,1790588293.806133,LOITERING,MEDIUM,person,76,person stationary > 8s,snapshots/20260928_150813_839735_LOITERING.jpg
2026-09-28 15:08:14,1790588294.7058618,INTRUSION,HIGH,person,70,person entered 'Restricted Zone',snapshots/20260928_150814_738149_INTRUSION.jpg
2026-09-28 15:08:16,1790588296.003753,INTRUSION,HIGH,person,70,person entered 'Restricted Zone',snapshots/20260928_150816_035886_INTRUSION.jpg
2026-09-28 15:08:16,1790588296.102738,INTRUSION,HIGH,person,76,person entered 'Restricted Zone',snapshots/20260928_150816_136409_INTRUSION.jpg
2026-09-28 15:08:17,1790588297.0059562,INTRUSION,HIGH,person,70,person entered 'Restricted Zone',snapshots/20260928_150817_040005_INTRUSION.jpg
2026-09-28 15:08:17,1790588297.501427,INTRUSION,HIGH,person,76,person entered 'Restricted Zone',snapshots/20260928_150817_534690_INTRUSION.jpg
2026-09-28 15:08:18,1790588298.103201,LOITERING,MEDIUM,person,55,person stationary > 8s,snapshots/20260928_150818_135239_LOITERING.jpg
2026-09-28 15:08:18,1790588298.305245,TRIPWIRE,HIGH,person,76,person crossed 'Border Line' (side 1 -> side 2),snapshots/20260928_150818_336092_TRIPWIRE.jpg
2026-09-28 15:08:18,1790588298.305245,RUNNING,MEDIUM,person,76,person moving fast (0.38 widths/s),snapshots/20260928_150818_338290_RUNNING.jpg
2026-09-28 15:08:20,1790588300.70452,INTRUSION,HIGH,person,70,person entered 'Restricted Zone',snapshots/20260928_150820_736123_INTRUSION.jpg
2026-09-28 15:08:20,1790588300.802525,FACE_DETECTED,INFO,person,78,face detected on tracked person,
2026-09-28 15:08:21,1790588301.808817,INTRUSION,HIGH,person,70,person entered 'Restricted Zone',snapshots/20260928_150821_842398_INTRUSION.jpg
2026-09-28 15:08:23,1790588303.706493,LOITERING,MEDIUM,person,74,person stationary > 8s,snapshots/20260928_150823_739282_LOITERING.jpg
2026-09-28 15:08:24,1790588304.507088,INTRUSION,HIGH,person,70,person entered 'Restricted Zone',snapshots/20260928_150824_538736_INTRUSION.jpg
2026-09-28 15:08:25,1790588305.0074072,TRIPWIRE,HIGH,person,79,person crossed 'Border Line' (side 1 -> side 2),snapshots/20260928_150825_040445_TRIPWIRE.jpg
2026-09-28 15:08:25,1790588305.904607,RUNNING,MEDIUM,person,78,person moving fast (0.33 widths/s),snapshots/20260928_150825_936917_RUNNING.jpg
2026-09-28 15:08:28,1790588308.7093031,RUNNING,MEDIUM,person,70,person moving fast (0.30 widths/s),snapshots/20260928_150828_743720_RUNNING.jpg
2026-09-28 15:08:28,1790588308.8037398,INTRUSION,HIGH,person,70,person entered 'Restricted Zone',snapshots/20260928_150828_840764_INTRUSION.jpg
2026-09-28 15:08:29,1790588309.3993511,TRIPWIRE,HIGH,person,76,person crossed 'Border Line' (side 2 -> side 1),snapshots/20260928_150829_434978_TRIPWIRE.jpg
2026-09-28 15:08:30,1790588310.104034,INTRUSION,HIGH,person,70,person entered 'Restricted Zone',snapshots/20260928_150830_136790_INTRUSION.jpg
2026-09-28 15:08:30,1790588310.507166,INTRUSION,HIGH,person,70,person entered 'Restricted Zone',snapshots/20260928_150830_542183_INTRUSION.jpg
2026-09-28 15:08:31,1790588311.8078809,FACE_DETECTED,INFO,person,80,face detected on tracked person,
2026-09-28 15:08:33,1790588313.509397,TRIPWIRE,HIGH,person,80,person crossed 'Border Line' (side 1 -> side 2),snapshots/20260928_150833_543242_TRIPWIRE.jpg
2026-09-28 15:08:34,1790588314.306678,FACE_DETECTED,INFO,person,83,face detected on tracked person,
2026-09-28 15:08:34,1790588314.5115252,LOITERING,MEDIUM,person,74,person stationary > 8s,snapshots/20260928_150834_544463_LOITERING.jpg
2026-09-28 15:08:34,1790588314.5115252,INTRUSION,HIGH,person,83,person entered 'Restricted Zone',snapshots/20260928_150834_546483_INTRUSION.jpg
2026-09-28 15:08:37,1790588317.10934,RUNNING,MEDIUM,person,76,person moving fast (0.31 widths/s),snapshots/20260928_150837_142806_RUNNING.jpg
2026-09-28 15:08:38,1790588318.8070688,FACE_DETECTED,INFO,person,85,face detected on tracked person,
2026-09-28 15:08:39,1790588319.808195,LOITERING,MEDIUM,person,70,person stationary > 8s,snapshots/20260928_150839_842239_LOITERING.jpg
2026-09-28 15:08:39,1790588319.808195,INTRUSION,HIGH,person,83,person entered 'Restricted Zone',snapshots/20260928_150839_844336_INTRUSION.jpg
2026-09-28 15:08:41,1790588321.80755,FACE_DETECTED,INFO,person,86,face detected on tracked person,
2026-09-28 15:08:42,1790588322.914786,TRIPWIRE,HIGH,person,86,person crossed 'Border Line' (side 1 -> side 2),snapshots/20260928_150842_951601_TRIPWIRE.jpg
2026-09-28 15:08:42,1790588322.914786,RUNNING,MEDIUM,person,86,person moving fast (0.58 widths/s),snapshots/20260928_150842_953743_RUNNING.jpg
2026-09-28 15:08:45,1790588325.911596,LOITERING,MEDIUM,person,74,person stationary > 8s,snapshots/20260928_150845_946627_LOITERING.jpg
2026-09-28 15:08:46,1790588326.20828,LOITERING,MEDIUM,person,85,person stationary > 8s,snapshots/20260928_150846_241412_LOITERING.jpg
2026-09-28 15:08:46,1790588326.3062441,FACE_DETECTED,INFO,person,87,face detected on tracked person,
2026-09-28 15:08:46,1790588326.505354,INTRUSION,HIGH,person,83,person entered 'Restricted Zone',snapshots/20260928_150846_540604_INTRUSION.jpg
2026-09-28 15:08:47,1790588327.1014369,INTRUSION,HIGH,person,83,person entered 'Restricted Zone',snapshots/20260928_150847_136128_INTRUSION.jpg
2026-09-28 15:08:47,1790588327.604825,GROUP_INTRUSION,HIGH,,-1,3 persons inside 'Restricted Zone',snapshots/20260928_150847_639387_GROUP_INTRUSION.jpg
2026-09-28 15:08:48,1790588328.0033789,INTRUSION,HIGH,person,83,person entered 'Restricted Zone',snapshots/20260928_150848_036979_INTRUSION.jpg
2026-09-28 15:08:48,1790588328.807936,TRIPWIRE,HIGH,person,57,person crossed 'Border Line' (side 2 -> side 1),snapshots/20260928_150848_842537_TRIPWIRE.jpg
2026-09-28 15:08:49,1790588329.206261,INTRUSION,HIGH,person,70,person entered 'Restricted Zone',snapshots/20260928_150849_239327_INTRUSION.jpg
2026-09-28 15:08:50,1790588330.0096729,TRIPWIRE,HIGH,person,74,person crossed 'Border Line' (side 1 -> side 2),snapshots/20260928_150850_043267_TRIPWIRE.jpg
2026-09-28 15:08:50,1790588330.3070028,FACE_DETECTED,INFO,person,89,face detected on tracked person,
2026-09-28 15:08:50,1790588330.3070028,FACE_DETECTED,INFO,person,90,face detected on tracked person,
2026-09-28 15:08:50,1790588330.7104151,INTRUSION,HIGH,person,70,person entered 'Restricted Zone',snapshots/20260928_150850_745224_INTRUSION.jpg
2026-09-28 15:08:50,1790588330.9090948,INTRUSION,HIGH,person,89,person entered 'Restricted Zone',snapshots/20260928_150850_941428_INTRUSION.jpg
2026-09-28 15:08:51,1790588331.004151,INTRUSION,HIGH,person,83,person entered 'Restricted Zone',snapshots/20260928_150851_038530_INTRUSION.jpg
2026-09-28 15:08:51,1790588331.509875,TRIPWIRE,HIGH,person,90,person crossed 'Border Line' (side 2 -> side 1),snapshots/20260928_150851_543624_TRIPWIRE.jpg
2026-09-28 15:08:52,1790588332.3090508,FACE_DETECTED,INFO,person,91,face detected on tracked person,
2026-09-28 15:08:53,1790588333.1108139,TRIPWIRE,HIGH,person,91,person crossed 'Border Line' (side 2 -> side 1),snapshots/20260928_150853_145858_TRIPWIRE.jpg
2026-09-28 15:08:54,1790588334.407491,RUNNING,MEDIUM,person,74,person moving fast (0.41 widths/s),snapshots/20260928_150854_442781_RUNNING.jpg
2026-09-28 15:08:59,1790588339.3110201,FACE_DETECTED,INFO,person,93,face detected on tracked person,
2026-09-28 15:08:59,1790588339.911456,LOITERING,MEDIUM,person,83,person stationary > 8s,snapshots/20260928_150859_946045_LOITERING.jpg
2026-09-28 15:09:00,1790588340.20426,LOITERING,MEDIUM,person,89,person stationary > 8s,snapshots/20260928_150900_234039_LOITERING.jpg
2026-09-28 15:09:01,1790588341.713984,LOITERING,MEDIUM,person,70,person stationary > 8s,snapshots/20260928_150901_748357_LOITERING.jpg
2026-09-28 15:09:01,1790588341.804238,TRIPWIRE,HIGH,person,90,person crossed 'Border Line' (side 2 -> side 1),snapshots/20260928_150901_838258_TRIPWIRE.jpg
2026-09-28 15:09:01,1790588341.9058208,TRIPWIRE,HIGH,person,89,person crossed 'Border Line' (side 1 -> side 2),snapshots/20260928_150901_940412_TRIPWIRE.jpg
2026-09-28 15:09:02,1790588342.006895,TRIPWIRE,HIGH,person,93,person crossed 'Border Line' (side 2 -> side 1),snapshots/20260928_150902_040637_TRIPWIRE.jpg
2026-09-28 15:09:03,1790588343.0123231,RUNNING,MEDIUM,person,90,person moving fast (0.33 widths/s),snapshots/20260928_150903_045924_RUNNING.jpg
2026-09-28 15:09:03,1790588343.407598,INTRUSION,HIGH,person,70,person entered 'Restricted Zone',snapshots/20260928_150903_440019_INTRUSION.jpg
2026-09-28 15:09:04,1790588344.906833,INTRUSION,HIGH,person,70,person entered 'Restricted Zone',snapshots/20260928_150904_940476_INTRUSION.jpg
2026-09-28 15:09:05,1790588345.312018,INTRUSION,HIGH,person,70,person entered 'Restricted Zone',snapshots/20260928_150905_345856_INTRUSION.jpg
2026-09-28 15:09:06,1790588346.3101618,INTRUSION,HIGH,person,70,person entered 'Restricted Zone',snapshots/20260928_150906_343771_INTRUSION.jpg
2026-09-28 15:09:07,1790588347.610657,INTRUSION,HIGH,person,70,person entered 'Restricted Zone',snapshots/20260928_150907_643523_INTRUSION.jpg
2026-09-28 15:09:08,1790588348.8094862,INTRUSION,HIGH,person,70,person entered 'Restricted Zone',snapshots/20260928_150908_842496_INTRUSION.jpg
2026-09-28 15:09:08,1790588348.908158,LOITERING,MEDIUM,person,85,person stationary > 8s,snapshots/20260928_150908_941396_LOITERING.jpg
2026-09-28 15:09:09,1790588349.8114612,FACE_DETECTED,INFO,person,95,face detected on tracked person,
2026-09-28 15:09:10,1790588350.013201,LOITERING,MEDIUM,person,83,person stationary > 8s,snapshots/20260928_150910_047839_LOITERING.jpg
2026-09-28 15:09:10,1790588350.013201,LOITERING,MEDIUM,person,93,person stationary > 8s,snapshots/20260928_150910_050015_LOITERING.jpg
2026-09-28 15:09:11,1790588351.7118,INTRUSION,HIGH,person,70,person entered 'Restricted Zone',snapshots/20260928_150911_745249_INTRUSION.jpg
2026-09-28 15:09:11,1790588351.806783,LOITERING,MEDIUM,person,70,person stationary > 8s,snapshots/20260928_150911_841179_LOITERING.jpg
2026-09-28 15:09:11,1790588351.909666,TRIPWIRE,HIGH,person,95,person crossed 'Border Line' (side 1 -> side 2),snapshots/20260928_150911_942810_TRIPWIRE.jpg
2026-09-28 15:09:12,1790588352.8153548,INTRUSION,HIGH,person,83,person entered 'Restricted Zone',snapshots/20260928_150912_850134_INTRUSION.jpg
2026-09-28 15:09:15,1790588355.513288,INTRUSION,HIGH,person,70,person entered 'Restricted Zone',snapshots/20260928_150915_546526_INTRUSION.jpg
2026-09-28 15:09:15,1790588355.907501,INTRUSION,HIGH,person,70,person entered 'Restricted Zone',snapshots/20260928_150915_941007_INTRUSION.jpg
2026-09-28 15:09:17,1790588357.321298,RUNNING,MEDIUM,person,89,person moving fast (0.35 widths/s),snapshots/20260928_150917_356136_RUNNING.jpg
2026-09-28 15:09:17,1790588357.41215,GROUP_INTRUSION,HIGH,,-1,3 persons inside 'Restricted Zone',snapshots/20260928_150917_445908_GROUP_INTRUSION.jpg
2026-09-28 15:09:17,1790588357.615278,INTRUSION,HIGH,person,93,person entered 'Restricted Zone',snapshots/20260928_150917_649442_INTRUSION.jpg
2026-09-28 15:09:17,1790588357.8089979,RUNNING,MEDIUM,person,93,person moving fast (0.33 widths/s),snapshots/20260928_150917_842872_RUNNING.jpg
2026-09-28 15:09:18,1790588358.214262,TRIPWIRE,HIGH,person,85,person crossed 'Border Line' (side 2 -> side 1),snapshots/20260928_150918_249230_TRIPWIRE.jpg
2026-09-28 15:09:18,1790588358.71134,INTRUSION,HIGH,person,70,person entered 'Restricted Zone',snapshots/20260928_150918_746457_INTRUSION.jpg
2026-09-28 15:09:19,1790588359.010367,INTRUSION,HIGH,person,90,person entered 'Restricted Zone',snapshots/20260928_150919_046500_INTRUSION.jpg
2026-09-28 15:09:19,1790588359.2128582,RUNNING,MEDIUM,person,70,person moving fast (0.52 widths/s),snapshots/20260928_150919_245371_RUNNING.jpg
2026-09-28 15:09:19,1790588359.2128582,RUNNING,MEDIUM,person,90,person moving fast (0.51 widths/s),snapshots/20260928_150919_247432_RUNNING.jpg
2026-09-28 15:09:25,1790588365.609917,INTRUSION,HIGH,person,90,person entered 'Restricted Zone',snapshots/20260928_150925_643148_INTRUSION.jpg
2026-09-28 15:09:26,1790588366.718697,LOITERING,MEDIUM,person,70,person stationary > 8s,snapshots/20260928_150926_753554_LOITERING.jpg
2026-09-28 15:09:26,1790588366.718697,INTRUSION,HIGH,person,90,person entered 'Restricted Zone',snapshots/20260928_150926_755640_INTRUSION.jpg
2026-09-28 15:09:27,1790588367.011032,LOITERING,MEDIUM,person,93,person stationary > 8s,snapshots/20260928_150927_043473_LOITERING.jpg
2026-09-28 15:09:28,1790588368.9093618,LOITERING,MEDIUM,person,85,person stationary > 8s,snapshots/20260928_150928_942277_LOITERING.jpg
2026-09-28 15:09:29,1790588369.0066009,INTRUSION,HIGH,person,90,person entered 'Restricted Zone',snapshots/20260928_150929_040769_INTRUSION.jpg
2026-09-28 15:09:29,1790588369.711925,LOITERING,MEDIUM,person,90,person stationary > 8s,snapshots/20260928_150929_745328_LOITERING.jpg
2026-09-28 15:09:31,1790588371.215422,INTRUSION,HIGH,person,90,person entered 'Restricted Zone',snapshots/20260928_150931_250205_INTRUSION.jpg
2026-09-28 15:09:32,1790588372.513738,GROUP_INTRUSION,HIGH,,-1,3 persons inside 'Restricted Zone',snapshots/20260928_150932_547974_GROUP_INTRUSION.jpg
2026-09-28 15:09:32,1790588372.718428,INTRUSION,HIGH,person,93,person entered 'Restricted Zone',snapshots/20260928_150932_753922_INTRUSION.jpg
2026-09-28 15:09:33,1790588373.317641,INTRUSION,HIGH,person,90,person entered 'Restricted Zone',snapshots/20260928_150933_357240_INTRUSION.jpg
2026-09-28 15:09:33,1790588373.317641,FACE_DETECTED,INFO,person,99,face detected on tracked person,
2026-09-28 15:09:34,1790588374.506509,INTRUSION,HIGH,person,90,person entered 'Restricted Zone',snapshots/20260928_150934_537722_INTRUSION.jpg
2026-09-28 15:09:34,1790588374.908183,INTRUSION,HIGH,person,90,person entered 'Restricted Zone',snapshots/20260928_150934_942897_INTRUSION.jpg
2026-09-28 15:09:35,1790588375.412677,INTRUSION,HIGH,person,90,person entered 'Restricted Zone',snapshots/20260928_150935_447153_INTRUSION.jpg
2026-09-28 15:09:35,1790588375.809794,RUNNING,MEDIUM,person,93,person moving fast (0.30 widths/s),snapshots/20260928_150935_843956_RUNNING.jpg
2026-09-28 15:09:36,1790588376.01859,TRIPWIRE,HIGH,person,100,person crossed 'Border Line' (side 2 -> side 1),snapshots/20260928_150936_052587_TRIPWIRE.jpg
2026-09-28 15:09:37,1790588377.4174888,INTRUSION,HIGH,person,90,person entered 'Restricted Zone',snapshots/20260928_150937_450671_INTRUSION.jpg
2026-09-28 15:09:38,1790588378.0192819,INTRUSION,HIGH,person,90,person entered 'Restricted Zone',snapshots/20260928_150938_052697_INTRUSION.jpg
2026-09-28 15:09:39,1790588379.713366,LOITERING,MEDIUM,person,90,person stationary > 8s,snapshots/20260928_150939_746233_LOITERING.jpg
2026-09-28 15:09:40,1790588380.311161,FACE_DETECTED,INFO,person,101,face detected on tracked person,
2026-09-28 15:09:40,1790588380.8144152,LOITERING,MEDIUM,person,70,person stationary > 8s,snapshots/20260928_150940_850363_LOITERING.jpg
2026-09-28 15:09:41,1790588381.017984,INTRUSION,HIGH,person,90,person entered 'Restricted Zone',snapshots/20260928_150941_051581_INTRUSION.jpg
2026-09-28 15:09:41,1790588381.106482,TRIPWIRE,HIGH,person,99,person crossed 'Border Line' (side 1 -> side 2),snapshots/20260928_150941_140473_TRIPWIRE.jpg
2026-09-28 15:09:41,1790588381.322273,RUNNING,MEDIUM,person,100,person moving fast (0.34 widths/s),snapshots/20260928_150941_357492_RUNNING.jpg
2026-09-28 15:09:41,1790588381.9185238,RUNNING,MEDIUM,person,99,person moving fast (0.30 widths/s),snapshots/20260928_150941_952113_RUNNING.jpg
2026-09-28 15:09:42,1790588382.4122581,INTRUSION,HIGH,person,99,person entered 'Restricted Zone',snapshots/20260928_150942_445753_INTRUSION.jpg
2026-09-28 15:09:42,1790588382.816284,FACE_DETECTED,INFO,person,100,face detected on tracked person,
2026-09-28 15:09:43,1790588383.722346,INTRUSION,HIGH,person,90,person entered 'Restricted Zone',snapshots/20260928_150943_756187_INTRUSION.jpg
2026-09-28 15:09:44,1790588384.119688,INTRUSION,HIGH,person,90,person entered 'Restricted Zone',snapshots/20260928_150944_153909_INTRUSION.jpg
2026-09-28 15:09:45,1790588385.6162188,TRIPWIRE,HIGH,person,101,person crossed 'Border Line' (side 1 -> side 2),snapshots/20260928_150945_650626_TRIPWIRE.jpg
2026-09-28 15:09:45,1790588385.8134642,INTRUSION,HIGH,person,90,person entered 'Restricted Zone',snapshots/20260928_150945_848963_INTRUSION.jpg
2026-09-28 15:09:47,1790588387.318444,FACE_DETECTED,INFO,person,102,face detected on tracked person,
2026-09-28 15:09:47,1790588387.413449,INTRUSION,HIGH,person,90,person entered 'Restricted Zone',snapshots/20260928_150947_447317_INTRUSION.jpg
2026-09-28 15:09:47,1790588387.916212,INTRUSION,HIGH,person,90,person entered 'Restricted Zone',snapshots/20260928_150947_949096_INTRUSION.jpg
2026-09-28 15:09:48,1790588388.322005,INTRUSION,HIGH,person,90,person entered 'Restricted Zone',snapshots/20260928_150948_356771_INTRUSION.jpg
2026-09-28 15:09:49,1790588389.118156,INTRUSION,HIGH,person,90,person entered 'Restricted Zone',snapshots/20260928_150949_151031_INTRUSION.jpg
2026-09-28 15:09:50,1790588390.812798,FACE_DETECTED,INFO,person,103,face detected on tracked person,
2026-09-28 15:09:51,1790588391.2189991,TRIPWIRE,HIGH,person,90,person crossed 'Border Line' (side 1 -> side 2),snapshots/20260928_150951_252446_TRIPWIRE.jpg
2026-09-28 15:09:51,1790588391.2189991,RUNNING,MEDIUM,person,90,person moving fast (0.40 widths/s),snapshots/20260928_150951_254507_RUNNING.jpg
2026-09-28 15:09:53,1790588393.41414,INTRUSION,HIGH,person,103,person entered 'Restricted Zone',snapshots/20260928_150953_447590_INTRUSION.jpg
2026-09-28 15:09:54,1790588394.818088,FACE_DETECTED,INFO,person,104,face detected on tracked person,
2026-09-28 15:09:55,1790588395.6148858,INTRUSION,HIGH,person,103,person entered 'Restricted Zone',snapshots/20260928_150955_649060_INTRUSION.jpg
2026-09-28 15:09:56,1790588396.419103,LOITERING,MEDIUM,person,70,person stationary > 8s,snapshots/20260928_150956_451711_LOITERING.jpg
2026-09-28 15:09:56,1790588396.619061,LOITERING,MEDIUM,person,100,person stationary > 8s,snapshots/20260928_150956_651440_LOITERING.jpg
2026-09-28 15:09:59,1790588399.8172538,INTRUSION,HIGH,person,105,person entered 'Restricted Zone',snapshots/20260928_150959_854552_INTRUSION.jpg
2026-09-28 15:10:01,1790588401.121755,LOITERING,MEDIUM,person,90,person stationary > 8s,snapshots/20260928_151001_155516_LOITERING.jpg
2026-09-28 15:10:01,1790588401.121755,INTRUSION,HIGH,person,105,person entered 'Restricted Zone',snapshots/20260928_151001_157612_INTRUSION.jpg
2026-09-28 15:10:03,1790588403.1166122,INTRUSION,HIGH,person,105,person entered 'Restricted Zone',snapshots/20260928_151003_151186_INTRUSION.jpg
2026-09-28 15:10:03,1790588403.915968,TRIPWIRE,HIGH,person,106,person crossed 'Border Line' (side 1 -> side 2),snapshots/20260928_151003_949875_TRIPWIRE.jpg
2026-09-28 15:10:04,1790588404.517199,RUNNING,MEDIUM,person,106,person moving fast (0.32 widths/s),snapshots/20260928_151004_547576_RUNNING.jpg
2026-09-28 15:10:05,1790588405.325003,FACE_DETECTED,INFO,person,106,face detected on tracked person,
2026-09-28 15:10:05,1790588405.6550882,INTRUSION,HIGH,person,107,person entered 'Restricted Zone',snapshots/20260928_151005_688715_INTRUSION.jpg
2026-09-28 15:10:06,1790588406.055307,INTRUSION,HIGH,person,105,person entered 'Restricted Zone',snapshots/20260928_151006_088810_INTRUSION.jpg
2026-09-28 15:10:07,1790588407.1525838,TRIPWIRE,HIGH,person,100,person crossed 'Border Line' (side 2 -> side 1),snapshots/20260928_151007_186101_TRIPWIRE.jpg
2026-09-28 15:10:07,1790588407.450101,INTRUSION,HIGH,person,105,person entered 'Restricted Zone',snapshots/20260928_151007_483095_INTRUSION.jpg
2026-09-28 15:10:07,1790588407.951187,INTRUSION,HIGH,person,105,person entered 'Restricted Zone',snapshots/20260928_151007_985548_INTRUSION.jpg
2026-09-28 15:10:10,1790588410.153173,LOITERING,MEDIUM,person,95,person stationary > 8s,snapshots/20260928_151010_186712_LOITERING.jpg
2026-09-28 15:10:11,1790588411.154836,LOITERING,MEDIUM,person,90,person stationary > 8s,snapshots/20260928_151011_188227_LOITERING.jpg
2026-09-28 15:10:11,1790588411.355288,FACE_DETECTED,INFO,person,105,face detected on tracked person,
2026-09-28 15:10:12,1790588412.3511958,INTRUSION,HIGH,person,90,person entered 'Restricted Zone',snapshots/20260928_151012_383904_INTRUSION.jpg
2026-09-28 15:10:12,1790588412.8537211,TRIPWIRE,HIGH,person,108,person crossed 'Border Line' (side 1 -> side 2),snapshots/20260928_151012_892266_TRIPWIRE.jpg
2026-09-28 15:10:13,1790588413.85135,RUNNING,MEDIUM,person,70,person moving fast (0.31 widths/s),snapshots/20260928_151013_884515_RUNNING.jpg
2026-09-28 15:10:14,1790588414.354188,INTRUSION,HIGH,person,109,person entered 'Restricted Zone',snapshots/20260928_151014_409230_INTRUSION.jpg
2026-09-28 15:10:14,1790588414.354188,FACE_DETECTED,INFO,person,108,face detected on tracked person,
2026-09-28 15:10:14,1790588414.480028,GROUP_INTRUSION,HIGH,,-1,4 persons inside 'Restricted Zone',snapshots/20260928_151014_516763_GROUP_INTRUSION.jpg
2026-09-28 15:10:15,1790588415.088096,RUNNING,MEDIUM,person,106,person moving fast (0.33 widths/s),snapshots/20260928_151015_122543_RUNNING.jpg
2026-09-28 15:10:15,1790588415.088096,INTRUSION,HIGH,person,109,person entered 'Restricted Zone',snapshots/20260928_151015_124663_INTRUSION.jpg
2026-09-28 15:10:16,1790588416.2891278,INTRUSION,HIGH,person,109,person entered 'Restricted Zone',snapshots/20260928_151016_324208_INTRUSION.jpg
2026-09-28 15:10:18,1790588418.784999,INTRUSION,HIGH,person,109,person entered 'Restricted Zone',snapshots/20260928_151018_819145_INTRUSION.jpg
2026-09-28 15:10:19,1790588419.490537,INTRUSION,HIGH,person,109,person entered 'Restricted Zone',snapshots/20260928_151019_526594_INTRUSION.jpg
2026-09-28 15:10:22,1790588422.589185,LOITERING,MEDIUM,person,105,person stationary > 8s,snapshots/20260928_151022_621971_LOITERING.jpg
2026-09-28 15:10:23,1790588423.0888581,INTRUSION,HIGH,person,109,person entered 'Restricted Zone',snapshots/20260928_151023_122005_INTRUSION.jpg
2026-09-28 15:10:23,1790588423.28899,LOITERING,MEDIUM,person,90,person stationary > 8s,snapshots/20260928_151023_322413_LOITERING.jpg
2026-09-28 15:10:25,1790588424.9880378,LOITERING,MEDIUM,person,95,person stationary > 8s,snapshots/20260928_151025_021407_LOITERING.jpg
2026-09-28 15:10:26,1790588426.7923682,LOITERING,MEDIUM,person,100,person stationary > 8s,snapshots/20260928_151026_825353_LOITERING.jpg
2026-09-28 15:10:28,1790588428.693526,INTRUSION,HIGH,person,109,person entered 'Restricted Zone',snapshots/20260928_151028_728533_INTRUSION.jpg
2026-09-28 15:10:29,1790588429.195086,INTRUSION,HIGH,person,109,person entered 'Restricted Zone',snapshots/20260928_151029_228027_INTRUSION.jpg
2026-09-28 15:10:29,1790588429.590805,LOITERING,MEDIUM,person,109,person stationary > 8s,snapshots/20260928_151029_621773_LOITERING.jpg
2026-09-28 15:10:31,1790588431.49575,INTRUSION,HIGH,person,109,person entered 'Restricted Zone',snapshots/20260928_151031_530275_INTRUSION.jpg
2026-09-28 15:10:32,1790588432.098424,TRIPWIRE,HIGH,person,113,person crossed 'Border Line' (side 1 -> side 2),snapshots/20260928_151032_131587_TRIPWIRE.jpg
2026-09-28 15:10:32,1790588432.397207,TRIPWIRE,HIGH,person,109,person crossed 'Border Line' (side 1 -> side 2),snapshots/20260928_151032_432896_TRIPWIRE.jpg
2026-09-28 15:10:32,1790588432.397207,RUNNING,MEDIUM,person,109,person moving fast (0.58 widths/s),snapshots/20260928_151032_434967_RUNNING.jpg
2026-09-28 15:10:32,1790588432.397207,RUNNING,MEDIUM,person,113,person moving fast (0.73 widths/s),snapshots/20260928_151032_436613_RUNNING.jpg
2026-09-28 15:10:32,1790588432.597352,LOITERING,MEDIUM,person,105,person stationary > 8s,snapshots/20260928_151032_631120_LOITERING.jpg
2026-09-28 15:10:33,1790588433.194358,INTRUSION,HIGH,person,114,person entered 'Restricted Zone',snapshots/20260928_151033_226652_INTRUSION.jpg
2026-09-28 15:10:33,1790588433.296545,LOITERING,MEDIUM,person,90,person stationary > 8s,snapshots/20260928_151033_330246_LOITERING.jpg
2026-09-28 15:10:33,1790588433.697272,INTRUSION,HIGH,person,114,person entered 'Restricted Zone',snapshots/20260928_151033_730396_INTRUSION.jpg
2026-09-28 15:10:33,1790588433.897176,TRIPWIRE,HIGH,person,115,person crossed 'Border Line' (side 1 -> side 2),snapshots/20260928_151033_938547_TRIPWIRE.jpg
2026-09-28 15:10:33,1790588433.897176,FACE_DETECTED,INFO,person,113,face detected on tracked person,
2026-09-28 15:10:34,1790588434.396341,INTRUSION,HIGH,person,114,person entered 'Restricted Zone',snapshots/20260928_151034_433737_INTRUSION.jpg
2026-09-28 15:10:34,1790588434.396341,RUNNING,MEDIUM,person,115,person moving fast (0.41 widths/s),snapshots/20260928_151034_435762_RUNNING.jpg
2026-09-28 15:10:34,1790588434.895585,FACE_DETECTED,INFO,person,114,face detected on tracked person,
2026-09-28 15:10:35,1790588434.993031,LOITERING,MEDIUM,person,95,person stationary > 8s,snapshots/20260928_151035_024180_LOITERING.jpg
2026-09-28 15:10:35,1790588435.095051,INTRUSION,HIGH,person,117,person entered 'Restricted Zone',snapshots/20260928_151035_126343_INTRUSION.jpg
2026-09-28 15:10:35,1790588435.197243,RUNNING,MEDIUM,person,117,person moving fast (0.32 widths/s),snapshots/20260928_151035_228569_RUNNING.jpg
2026-09-28 15:10:35,1790588435.59418,RUNNING,MEDIUM,person,114,person moving fast (0.41 widths/s),snapshots/20260928_151035_627129_RUNNING.jpg
2026-09-28 15:10:35,1790588435.898253,INTRUSION,HIGH,person,117,person entered 'Restricted Zone',snapshots/20260928_151035_942982_INTRUSION.jpg
2026-09-28 15:10:35,1790588435.898253,FACE_DETECTED,INFO,person,118,face detected on tracked person,
2026-09-28 15:10:37,1790588437.1992881,INTRUSION,HIGH,person,117,person entered 'Restricted Zone',snapshots/20260928_151037_232704_INTRUSION.jpg
2026-09-28 15:10:37,1790588437.895314,INTRUSION,HIGH,person,117,person entered 'Restricted Zone',snapshots/20260928_151037_934561_INTRUSION.jpg
2026-09-28 15:10:39,1790588439.1000981,INTRUSION,HIGH,person,117,person entered 'Restricted Zone',snapshots/20260928_151039_134632_INTRUSION.jpg
2026-09-28 15:10:40,1790588440.200224,LOITERING,MEDIUM,person,109,person stationary > 8s,snapshots/20260928_151040_232444_LOITERING.jpg
2026-09-28 15:10:43,1790588443.299903,LOITERING,MEDIUM,person,90,person stationary > 8s,snapshots/20260928_151043_332411_LOITERING.jpg
2026-09-28 15:10:43,1790588443.299903,TRIPWIRE,HIGH,person,117,person crossed 'Border Line' (side 1 -> side 2),snapshots/20260928_151043_334371_TRIPWIRE.jpg
2026-09-28 15:10:45,1790588445.001305,LOITERING,MEDIUM,person,95,person stationary > 8s,snapshots/20260928_151045_034719_LOITERING.jpg
2026-09-28 15:10:48,1790588448.199659,RUNNING,MEDIUM,person,118,person moving fast (0.32 widths/s),snapshots/20260928_151048_231946_RUNNING.jpg
2026-09-28 15:10:48,1790588448.199659,GROUP_INTRUSION,HIGH,,-1,3 persons inside 'Restricted Zone',snapshots/20260928_151048_234016_GROUP_INTRUSION.jpg
2026-09-28 15:10:48,1790588448.293155,INTRUSION,HIGH,person,90,person entered 'Restricted Zone',snapshots/20260928_151048_329060_INTRUSION.jpg
2026-09-28 15:10:48,1790588448.397702,INTRUSION,HIGH,person,118,person entered 'Restricted Zone',snapshots/20260928_151048_430008_INTRUSION.jpg
2026-09-28 15:10:48,1790588448.601769,INTRUSION,HIGH,person,121,person entered 'Restricted Zone',snapshots/20260928_151048_639068_INTRUSION.jpg
2026-09-28 15:10:49,1790588449.300417,INTRUSION,HIGH,person,121,person entered 'Restricted Zone',snapshots/20260928_151049_333518_INTRUSION.jpg
2026-09-28 15:10:49,1790588449.901332,INTRUSION,HIGH,person,121,person entered 'Restricted Zone',snapshots/20260928_151049_945149_INTRUSION.jpg
2026-09-28 15:10:49,1790588449.901332,FACE_DETECTED,INFO,person,122,face detected on tracked person,
2026-09-28 15:10:50,1790588450.498781,LOITERING,MEDIUM,person,117,person stationary > 8s,snapshots/20260928_151050_530372_LOITERING.jpg
2026-09-28 15:10:50,1790588450.80378,TRIPWIRE,HIGH,person,118,person crossed 'Border Line' (side 1 -> side 2),snapshots/20260928_151050_837563_TRIPWIRE.jpg
2026-09-28 15:10:51,1790588451.202404,INTRUSION,HIGH,person,121,person entered 'Restricted Zone',snapshots/20260928_151051_238502_INTRUSION.jpg
2026-09-28 15:10:51,1790588451.298388,INTRUSION,HIGH,person,105,person entered 'Restricted Zone',snapshots/20260928_151051_330163_INTRUSION.jpg
2026-09-28 15:10:51,1790588451.904049,INTRUSION,HIGH,person,105,person entered 'Restricted Zone',snapshots/20260928_151051_936671_INTRUSION.jpg
2026-09-28 15:10:54,1790588454.5019588,INTRUSION,HIGH,person,122,person entered 'Restricted Zone',snapshots/20260928_151054_535562_INTRUSION.jpg
2026-09-28 15:10:56,1790588456.005022,LOITERING,MEDIUM,person,95,person stationary > 8s,snapshots/20260928_151056_041492_LOITERING.jpg
2026-09-28 15:10:56,1790588456.7048278,LOITERING,MEDIUM,person,90,person stationary > 8s,snapshots/20260928_151056_738468_LOITERING.jpg
2026-09-28 15:11:00,1790588460.5035,LOITERING,MEDIUM,person,117,person stationary > 8s,snapshots/20260928_151100_537344_LOITERING.jpg
2026-09-28 15:11:00,1790588460.9057121,LOITERING,MEDIUM,person,105,person stationary > 8s,snapshots/20260928_151100_941570_LOITERING.jpg
2026-09-28 15:11:02,1790588462.304996,LOITERING,MEDIUM,person,122,person stationary > 8s,snapshots/20260928_151102_338769_LOITERING.jpg
2026-09-28 15:11:03,1790588463.203105,INTRUSION,HIGH,person,105,person entered 'Restricted Zone',snapshots/20260928_151103_235561_INTRUSION.jpg
2026-09-28 15:11:05,1790588465.706337,INTRUSION,HIGH,person,125,person entered 'Restricted Zone',snapshots/20260928_151105_740358_INTRUSION.jpg
2026-09-28 15:11:06,1790588466.107022,LOITERING,MEDIUM,person,95,person stationary > 8s,snapshots/20260928_151106_140310_LOITERING.jpg
2026-09-28 15:11:06,1790588466.705489,LOITERING,MEDIUM,person,90,person stationary > 8s,snapshots/20260928_151106_738211_LOITERING.jpg
2026-09-28 15:11:10,1790588470.506939,LOITERING,MEDIUM,person,117,person stationary > 8s,snapshots/20260928_151110_538980_LOITERING.jpg
2026-09-28 15:11:10,1790588470.705454,INTRUSION,HIGH,person,125,person entered 'Restricted Zone',snapshots/20260928_151110_738824_INTRUSION.jpg
2026-09-28 15:11:12,1790588472.706049,INTRUSION,HIGH,person,122,person entered 'Restricted Zone',snapshots/20260928_151112_739874_INTRUSION.jpg
2026-09-28 15:11:12,1790588472.8029382,GROUP_INTRUSION,HIGH,,-1,3 persons inside 'Restricted Zone',snapshots/20260928_151112_837057_GROUP_INTRUSION.jpg
2026-09-28 15:11:13,1790588473.00478,INTRUSION,HIGH,person,125,person entered 'Restricted Zone',snapshots/20260928_151113_037424_INTRUSION.jpg
2026-09-28 15:11:13,1790588473.405428,INTRUSION,HIGH,person,90,person entered 'Restricted Zone',snapshots/20260928_151113_443415_INTRUSION.jpg
2026-09-28 15:11:13,1790588473.808206,INTRUSION,HIGH,person,122,person entered 'Restricted Zone',snapshots/20260928_151113_842098_INTRUSION.jpg
2026-09-28 15:11:14,1790588474.201151,INTRUSION,HIGH,person,125,person entered 'Restricted Zone',snapshots/20260928_151114_234156_INTRUSION.jpg
2026-09-28 15:11:15,1790588475.506452,INTRUSION,HIGH,person,125,person entered 'Restricted Zone',snapshots/20260928_151115_539786_INTRUSION.jpg
2026-09-28 15:11:16,1790588476.099647,INTRUSION,HIGH,person,125,person entered 'Restricted Zone',snapshots/20260928_151116_132054_INTRUSION.jpg
2026-09-28 15:11:16,1790588476.706401,INTRUSION,HIGH,person,125,person entered 'Restricted Zone',snapshots/20260928_151116_739397_INTRUSION.jpg
2026-09-28 15:11:17,1790588477.903711,INTRUSION,HIGH,person,125,person entered 'Restricted Zone',snapshots/20260928_151117_939035_INTRUSION.jpg
2026-09-28 15:11:19,1790588479.005842,INTRUSION,HIGH,person,125,person entered 'Restricted Zone',snapshots/20260928_151119_039237_INTRUSION.jpg
2026-09-28 15:11:19,1790588479.005842,TRIPWIRE,HIGH,person,128,person crossed 'Border Line' (side 2 -> side 1),snapshots/20260928_151119_041173_TRIPWIRE.jpg
2026-09-28 15:11:19,1790588479.1044538,TRIPWIRE,HIGH,person,95,person crossed 'Border Line' (side 2 -> side 1),snapshots/20260928_151119_136938_TRIPWIRE.jpg
2026-09-28 15:11:19,1790588479.1044538,INTRUSION,HIGH,person,122,person entered 'Restricted Zone',snapshots/20260928_151119_139048_INTRUSION.jpg
2026-09-28 15:11:20,1790588480.109955,RUNNING,MEDIUM,person,122,person moving fast (0.32 widths/s),snapshots/20260928_151120_145253_RUNNING.jpg
2026-09-28 15:11:20,1790588480.409364,FACE_DETECTED,INFO,person,129,face detected on tracked person,
2026-09-28 15:11:20,1790588480.711195,RUNNING,MEDIUM,person,117,person moving fast (0.50 widths/s),snapshots/20260928_151120_746557_RUNNING.jpg
2026-09-28 15:11:20,1790588480.801207,TRIPWIRE,HIGH,person,122,person crossed 'Border Line' (side 1 -> side 2),snapshots/20260928_151120_834354_TRIPWIRE.jpg
2026-09-28 15:11:20,1790588480.904089,INTRUSION,HIGH,person,125,person entered 'Restricted Zone',snapshots/20260928_151120_940666_INTRUSION.jpg
2026-09-28 15:11:21,1790588481.407308,INTRUSION,HIGH,person,125,person entered 'Restricted Zone',snapshots/20260928_151121_446107_INTRUSION.jpg
2026-09-28 15:11:26,1790588486.507382,INTRUSION,HIGH,person,130,person entered 'Restricted Zone',snapshots/20260928_151126_540487_INTRUSION.jpg
2026-09-28 15:11:26,1790588486.7048268,TRIPWIRE,HIGH,person,125,person crossed 'Border Line' (side 1 -> side 2),snapshots/20260928_151126_738471_TRIPWIRE.jpg
2026-09-28 15:11:26,1790588486.7048268,RUNNING,MEDIUM,person,125,person moving fast (0.77 widths/s),snapshots/20260928_151126_740394_RUNNING.jpg
2026-09-28 15:11:27,1790588487.204555,INTRUSION,HIGH,person,130,person entered 'Restricted Zone',snapshots/20260928_151127_238606_INTRUSION.jpg
2026-09-28 15:11:28,1790588488.2101471,LOITERING,MEDIUM,person,129,person stationary > 8s,snapshots/20260928_151128_243204_LOITERING.jpg
2026-09-28 15:11:28,1790588488.409408,LOITERING,MEDIUM,person,95,person stationary > 8s,snapshots/20260928_151128_445972_LOITERING.jpg
2026-09-28 15:11:28,1790588488.505297,INTRUSION,HIGH,person,130,person entered 'Restricted Zone',snapshots/20260928_151128_538980_INTRUSION.jpg
2026-09-28 15:11:29,1790588489.209616,INTRUSION,HIGH,person,132,person entered 'Restricted Zone',snapshots/20260928_151129_242729_INTRUSION.jpg
2026-09-28 15:11:31,1790588491.311628,RUNNING,MEDIUM,person,130,person moving fast (0.33 widths/s),snapshots/20260928_151131_345694_RUNNING.jpg
2026-09-28 15:11:31,1790588491.404984,INTRUSION,HIGH,person,90,person entered 'Restricted Zone',snapshots/20260928_151131_447154_INTRUSION.jpg
2026-09-28 15:11:31,1790588491.404984,FACE_DETECTED,INFO,person,130,face detected on tracked person,
2026-09-28 15:11:31,1790588491.903648,FACE_DETECTED,INFO,person,132,face detected on tracked person,
2026-09-28 15:11:32,1790588492.005085,TRIPWIRE,HIGH,person,132,person crossed 'Border Line' (side 1 -> side 2),snapshots/20260928_151132_038948_TRIPWIRE.jpg
2026-09-28 15:11:32,1790588492.005085,RUNNING,MEDIUM,person,132,person moving fast (0.39 widths/s),snapshots/20260928_151132_040943_RUNNING.jpg
2026-09-28 15:11:34,1790588494.812294,INTRUSION,HIGH,person,90,person entered 'Restricted Zone',snapshots/20260928_151134_845783_INTRUSION.jpg
2026-09-28 15:11:36,1790588496.909695,INTRUSION,HIGH,person,90,person entered 'Restricted Zone',snapshots/20260928_151136_942785_INTRUSION.jpg
2026-09-28 15:11:38,1790588498.2102458,LOITERING,MEDIUM,person,129,person stationary > 8s,snapshots/20260928_151138_242938_LOITERING.jpg
2026-09-28 15:11:38,1790588498.412792,LOITERING,MEDIUM,person,95,person stationary > 8s,snapshots/20260928_151138_449181_LOITERING.jpg
2026-09-28 15:11:38,1790588498.9068842,FACE_DETECTED,INFO,person,133,face detected on tracked person,
2026-09-28 15:11:39,1790588499.314152,LOITERING,MEDIUM,person,130,person stationary > 8s,snapshots/20260928_151139_347242_LOITERING.jpg
2026-09-28 15:11:39,1790588499.916111,INTRUSION,HIGH,person,90,person entered 'Restricted Zone',snapshots/20260928_151139_950776_INTRUSION.jpg
2026-09-28 15:11:40,1790588500.910869,FACE_DETECTED,INFO,person,134,face detected on tracked person,
2026-09-28 15:11:41,1790588501.9064739,INTRUSION,HIGH,person,90,person entered 'Restricted Zone',snapshots/20260928_151141_939860_INTRUSION.jpg
2026-09-28 15:11:42,1790588502.112857,LOITERING,MEDIUM,person,90,person stationary > 8s,snapshots/20260928_151142_147679_LOITERING.jpg
2026-09-28 15:11:45,1790588505.311291,INTRUSION,HIGH,person,90,person entered 'Restricted Zone',snapshots/20260928_151145_343570_INTRUSION.jpg
2026-09-28 15:11:48,1790588508.311141,LOITERING,MEDIUM,person,129,person stationary > 8s,snapshots/20260928_151148_343089_LOITERING.jpg
2026-09-28 15:11:49,1790588509.409803,LOITERING,MEDIUM,person,130,person stationary > 8s,snapshots/20260928_151149_443111_LOITERING.jpg
2026-09-28 15:11:50,1790588510.214015,INTRUSION,HIGH,person,90,person entered 'Restricted Zone',snapshots/20260928_151150_248087_INTRUSION.jpg
2026-09-28 15:11:54,1790588514.316739,LOITERING,MEDIUM,person,90,person stationary > 8s,snapshots/20260928_151154_350513_LOITERING.jpg
2026-09-28 15:11:57,1790588517.410652,LOITERING,MEDIUM,person,95,person stationary > 8s,snapshots/20260928_151157_444050_LOITERING.jpg
2026-09-28 15:11:58,1790588518.31391,LOITERING,MEDIUM,person,129,person stationary > 8s,snapshots/20260928_151158_348499_LOITERING.jpg
2026-09-28 15:11:58,1790588518.407883,FACE_DETECTED,INFO,person,136,face detected on tracked person,
2026-09-28 15:11:59,1790588519.21532,GROUP_INTRUSION,HIGH,,-1,3 persons inside 'Restricted Zone',snapshots/20260928_151159_250264_GROUP_INTRUSION.jpg
2026-09-28 15:11:59,1790588519.307893,INTRUSION,HIGH,person,129,person entered 'Restricted Zone',snapshots/20260928_151159_343145_INTRUSION.jpg
2026-09-28 15:11:59,1790588519.4086678,INTRUSION,HIGH,person,130,person entered 'Restricted Zone',snapshots/20260928_151159_441934_INTRUSION.jpg
2026-09-28 15:11:59,1790588519.511232,TRIPWIRE,HIGH,person,136,person crossed 'Border Line' (side 1 -> side 2),snapshots/20260928_151159_544456_TRIPWIRE.jpg
2026-09-28 15:11:59,1790588519.7139819,RUNNING,MEDIUM,person,136,person moving fast (0.35 widths/s),snapshots/20260928_151159_743792_RUNNING.jpg
2026-09-28 15:12:07,1790588527.118143,LOITERING,MEDIUM,person,90,person stationary > 8s,snapshots/20260928_151207_151505_LOITERING.jpg
2026-09-28 15:12:07,1790588527.40916,LOITERING,MEDIUM,person,130,person stationary > 8s,snapshots/20260928_151207_442074_LOITERING.jpg
2026-09-28 15:12:09,1790588529.414382,FACE_DETECTED,INFO,person,141,face detected on tracked person,
2026-09-28 15:12:14,1790588534.313338,INTRUSION,HIGH,person,90,person entered 'Restricted Zone',snapshots/20260928_151214_347021_INTRUSION.jpg
2026-09-28 15:12:14,1790588534.815808,INTRUSION,HIGH,person,90,person entered 'Restricted Zone',snapshots/20260928_151214_847920_INTRUSION.jpg
2026-09-28 15:12:15,1790588535.512761,INTRUSION,HIGH,person,90,person entered 'Restricted Zone',snapshots/20260928_151215_545159_INTRUSION.jpg
2026-09-28 15:12:15,1790588535.918509,FACE_DETECTED,INFO,person,144,face detected on tracked person,
2026-09-28 15:12:17,1790588537.250845,GROUP_INTRUSION,HIGH,,-1,3 persons inside 'Restricted Zone',snapshots/20260928_151217_284491_GROUP_INTRUSION.jpg
2026-09-28 15:12:17,1790588537.3427851,LOITERING,MEDIUM,person,141,person stationary > 8s,snapshots/20260928_151217_376917_LOITERING.jpg
2026-09-28 15:12:17,1790588537.451553,INTRUSION,HIGH,person,143,person entered 'Restricted Zone',snapshots/20260928_151217_488954_INTRUSION.jpg
2026-09-28 15:12:17,1790588537.65026,TRIPWIRE,HIGH,person,95,person crossed 'Border Line' (side 2 -> side 1),snapshots/20260928_151217_683738_TRIPWIRE.jpg
2026-09-28 15:12:18,1790588538.049982,INTRUSION,HIGH,person,141,person entered 'Restricted Zone',snapshots/20260928_151218_083208_INTRUSION.jpg
2026-09-28 15:12:18,1790588538.952087,FACE_DETECTED,INFO,person,143,face detected on tracked person,
2026-09-28 15:12:19,1790588539.152359,RUNNING,MEDIUM,person,143,person moving fast (0.31 widths/s),snapshots/20260928_151219_185601_RUNNING.jpg
2026-09-28 15:12:23,1790588543.4511979,FACE_DETECTED,INFO,person,145,face detected on tracked person,
2026-09-28 15:12:25,1790588545.04966,LOITERING,MEDIUM,person,144,person stationary > 8s,snapshots/20260928_151225_081834_LOITERING.jpg
2026-09-28 15:12:25,1790588545.6521542,LOITERING,MEDIUM,person,130,person stationary > 8s,snapshots/20260928_151225_685217_LOITERING.jpg
2026-09-28 15:12:27,1790588547.049875,LOITERING,MEDIUM,person,143,person stationary > 8s,snapshots/20260928_151227_081233_LOITERING.jpg
2026-09-28 15:12:29,1790588549.550346,INTRUSION,HIGH,person,148,person entered 'Restricted Zone',snapshots/20260928_151229_583288_INTRUSION.jpg
2026-09-28 15:12:31,1790588551.25439,TRIPWIRE,HIGH,person,148,person crossed 'Border Line' (side 1 -> side 2),snapshots/20260928_151231_289691_TRIPWIRE.jpg
2026-09-28 15:12:31,1790588551.949504,LOITERING,MEDIUM,person,95,person stationary > 8s,snapshots/20260928_151231_982478_LOITERING.jpg
2026-09-28 15:12:35,1790588555.1521559,LOITERING,MEDIUM,person,144,person stationary > 8s,snapshots/20260928_151235_184749_LOITERING.jpg
2026-09-28 15:12:35,1790588555.753751,LOITERING,MEDIUM,person,130,person stationary > 8s,snapshots/20260928_151235_787366_LOITERING.jpg
2026-09-28 15:12:36,1790588556.248228,INTRUSION,HIGH,person,151,person entered 'Restricted Zone',snapshots/20260928_151236_280576_INTRUSION.jpg
2026-09-28 15:12:36,1790588556.450851,FACE_DETECTED,INFO,person,151,face detected on tracked person,
2026-09-28 15:12:38,1790588558.152179,INTRUSION,HIGH,person,144,person entered 'Restricted Zone',snapshots/20260928_151238_185793_INTRUSION.jpg
2026-09-28 15:12:39,1790588559.9519858,FACE_DETECTED,INFO,person,153,face detected on tracked person,
2026-09-28 15:12:41,1790588561.752873,TRIPWIRE,HIGH,person,143,person crossed 'Border Line' (side 1 -> side 2),snapshots/20260928_151241_790193_TRIPWIRE.jpg
2026-09-28 15:12:41,1790588561.752873,RUNNING,MEDIUM,person,143,person moving fast (0.34 widths/s),snapshots/20260928_151241_792170_RUNNING.jpg
2026-09-28 15:12:42,1790588562.847796,INTRUSION,HIGH,person,144,person entered 'Restricted Zone',snapshots/20260928_151242_881789_INTRUSION.jpg
2026-09-28 15:12:45,1790588565.248084,INTRUSION,HIGH,person,155,person entered 'Restricted Zone',snapshots/20260928_151245_281315_INTRUSION.jpg
2026-09-28 15:12:45,1790588565.455269,FACE_DETECTED,INFO,person,157,face detected on tracked person,
2026-09-28 15:12:45,1790588565.7844229,LOITERING,MEDIUM,person,130,person stationary > 8s,snapshots/20260928_151245_818010_LOITERING.jpg
2026-09-28 15:12:50,1790588570.084064,INTRUSION,HIGH,person,144,person entered 'Restricted Zone',snapshots/20260928_151250_117571_INTRUSION.jpg
2026-09-28 15:12:53,1790588573.081482,INTRUSION,HIGH,person,144,person entered 'Restricted Zone',snapshots/20260928_151253_115454_INTRUSION.jpg
2026-09-28 15:12:53,1790588573.081482,RUNNING,MEDIUM,person,144,person moving fast (0.36 widths/s),snapshots/20260928_151253_117464_RUNNING.jpg
2026-09-28 15:12:53,1790588573.081482,LOITERING,MEDIUM,person,157,person stationary > 8s,snapshots/20260928_151253_119246_LOITERING.jpg
2026-09-28 15:12:53,1790588573.1805592,TRIPWIRE,HIGH,person,144,person crossed 'Border Line' (side 1 -> side 2),snapshots/20260928_151253_215327_TRIPWIRE.jpg
2026-09-28 15:12:54,1790588574.585074,INTRUSION,HIGH,person,158,person entered 'Restricted Zone',snapshots/20260928_151254_619714_INTRUSION.jpg
2026-09-28 15:12:55,1790588575.7849898,LOITERING,MEDIUM,person,130,person stationary > 8s,snapshots/20260928_151255_817053_LOITERING.jpg
2026-09-28 15:12:55,1790588575.881804,INTRUSION,HIGH,person,158,person entered 'Restricted Zone',snapshots/20260928_151255_914777_INTRUSION.jpg
2026-09-28 15:12:57,1790588577.7856221,TRIPWIRE,HIGH,person,95,person crossed 'Border Line' (side 2 -> side 1),snapshots/20260928_151257_817702_TRIPWIRE.jpg
2026-09-28 15:12:57,1790588577.7856221,RUNNING,MEDIUM,person,157,person moving fast (0.33 widths/s),snapshots/20260928_151257_819596_RUNNING.jpg
2026-09-28 15:12:59,1790588578.985425,FACE_DETECTED,INFO,person,158,face detected on tracked person,
2026-09-28 15:13:00,1790588580.5853581,INTRUSION,HIGH,person,162,person entered 'Restricted Zone',snapshots/20260928_151300_617262_INTRUSION.jpg
2026-09-28 15:13:02,1790588582.386998,INTRUSION,HIGH,person,157,person entered 'Restricted Zone',snapshots/20260928_151302_421238_INTRUSION.jpg
2026-09-28 15:13:04,1790588584.487326,FACE_DETECTED,INFO,person,163,face detected on tracked person,
2026-09-28 15:13:04,1790588584.785537,INTRUSION,HIGH,person,157,person entered 'Restricted Zone',snapshots/20260928_151304_816896_INTRUSION.jpg
2026-09-28 15:13:05,1790588585.819048,INTRUSION,HIGH,person,157,person entered 'Restricted Zone',snapshots/20260928_151305_852673_INTRUSION.jpg
2026-09-28 15:13:06,1790588586.220514,TRIPWIRE,HIGH,person,157,person crossed 'Border Line' (side 1 -> side 2),snapshots/20260928_151306_252867_TRIPWIRE.jpg
2026-09-28 15:13:06,1790588586.220514,LOITERING,MEDIUM,person,158,person stationary > 8s,snapshots/20260928_151306_255536_LOITERING.jpg
2026-09-28 15:13:06,1790588586.41609,LOITERING,MEDIUM,person,130,person stationary > 8s,snapshots/20260928_151306_450165_LOITERING.jpg
2026-09-28 15:13:06,1790588586.515636,INTRUSION,HIGH,person,168,person entered 'Restricted Zone',snapshots/20260928_151306_554301_INTRUSION.jpg
2026-09-28 15:13:06,1790588586.821165,RUNNING,MEDIUM,person,168,person moving fast (0.52 widths/s),snapshots/20260928_151306_855427_RUNNING.jpg
2026-09-28 15:13:07,1790588587.3226938,INTRUSION,HIGH,person,168,person entered 'Restricted Zone',snapshots/20260928_151307_358245_INTRUSION.jpg
2026-09-28 15:13:08,1790588588.521756,INTRUSION,HIGH,person,168,person entered 'Restricted Zone',snapshots/20260928_151308_559356_INTRUSION.jpg
2026-09-28 15:13:09,1790588589.317939,TRIPWIRE,HIGH,person,168,person crossed 'Border Line' (side 1 -> side 2),snapshots/20260928_151309_350743_TRIPWIRE.jpg
2026-09-28 15:13:10,1790588590.0208251,FACE_DETECTED,INFO,person,171,face detected on tracked person,
2026-09-28 15:13:11,1790588591.321951,INTRUSION,HIGH,person,158,person entered 'Restricted Zone',snapshots/20260928_151311_355604_INTRUSION.jpg
2026-09-28 15:13:12,1790588592.017658,FACE_DETECTED,INFO,person,168,face detected on tracked person,
2026-09-28 15:13:12,1790588592.114938,TRIPWIRE,HIGH,person,171,person crossed 'Border Line' (side 2 -> side 1),snapshots/20260928_151312_148557_TRIPWIRE.jpg
2026-09-28 15:13:12,1790588592.725604,INTRUSION,HIGH,person,170,person entered 'Restricted Zone',snapshots/20260928_151312_759994_INTRUSION.jpg
2026-09-28 15:13:13,1790588593.6227462,INTRUSION,HIGH,person,170,person entered 'Restricted Zone',snapshots/20260928_151313_656467_INTRUSION.jpg
2026-09-28 15:13:15,1790588595.315124,INTRUSION,HIGH,person,173,person entered 'Restricted Zone',snapshots/20260928_151315_350968_INTRUSION.jpg
2026-09-28 15:13:15,1790588595.522306,TRIPWIRE,HIGH,person,170,person crossed 'Border Line' (side 1 -> side 2),snapshots/20260928_151315_564209_TRIPWIRE.jpg
2026-09-28 15:13:15,1790588595.522306,RUNNING,MEDIUM,person,170,person moving fast (0.64 widths/s),snapshots/20260928_151315_566228_RUNNING.jpg
2026-09-28 15:13:15,1790588595.7210739,RUNNING,MEDIUM,person,158,person moving fast (0.31 widths/s),snapshots/20260928_151315_754628_RUNNING.jpg
2026-09-28 15:13:15,1790588595.924632,INTRUSION,HIGH,person,158,person entered 'Restricted Zone',snapshots/20260928_151315_959232_INTRUSION.jpg
2026-09-28 15:13:16,1790588596.016619,FACE_DETECTED,INFO,person,173,face detected on tracked person,
2026-09-28 15:13:16,1790588596.420405,LOITERING,MEDIUM,person,130,person stationary > 8s,snapshots/20260928_151316_457585_LOITERING.jpg
2026-09-28 15:13:17,1790588597.021245,INTRUSION,HIGH,person,174,person entered 'Restricted Zone',snapshots/20260928_151317_057824_INTRUSION.jpg
2026-09-28 15:13:17,1790588597.117887,INTRUSION,HIGH,person,158,person entered 'Restricted Zone',snapshots/20260928_151317_151571_INTRUSION.jpg
2026-09-28 15:13:17,1790588597.420626,RUNNING,MEDIUM,person,174,person moving fast (0.43 widths/s),snapshots/20260928_151317_454736_RUNNING.jpg
2026-09-28 15:13:18,1790588598.421271,INTRUSION,HIGH,person,173,person entered 'Restricted Zone',snapshots/20260928_151318_454486_INTRUSION.jpg
2026-09-28 15:13:19,1790588599.722317,TRIPWIRE,HIGH,person,174,person crossed 'Border Line' (side 1 -> side 2),snapshots/20260928_151319_753046_TRIPWIRE.jpg
2026-09-28 15:13:20,1790588600.0231009,FACE_DETECTED,INFO,person,174,face detected on tracked person,
2026-09-28 15:13:21,1790588601.22467,INTRUSION,HIGH,person,158,person entered 'Restricted Zone',snapshots/20260928_151321_258946_INTRUSION.jpg
2026-09-28 15:13:22,1790588602.121411,LOITERING,MEDIUM,person,95,person stationary > 8s,snapshots/20260928_151322_155005_LOITERING.jpg
2026-09-28 15:13:26,1790588606.420568,LOITERING,MEDIUM,person,130,person stationary > 8s,snapshots/20260928_151326_454134_LOITERING.jpg
2026-09-28 15:13:26,1790588606.51747,FACE_DETECTED,INFO,person,175,face detected on tracked person,
2026-09-28 15:13:26,1790588606.820972,TRIPWIRE,HIGH,person,158,person crossed 'Border Line' (side 1 -> side 2),snapshots/20260928_151326_853210_TRIPWIRE.jpg
2026-09-28 15:13:26,1790588606.820972,RUNNING,MEDIUM,person,158,person moving fast (0.48 widths/s),snapshots/20260928_151326_855319_RUNNING.jpg
2026-09-28 15:13:28,1790588608.518572,INTRUSION,HIGH,person,176,person entered 'Restricted Zone',snapshots/20260928_151328_552437_INTRUSION.jpg
2026-09-28 15:13:31,1790588611.324147,INTRUSION,HIGH,person,176,person entered 'Restricted Zone',snapshots/20260928_151331_357524_INTRUSION.jpg
2026-09-28 15:13:32,1790588612.925459,INTRUSION,HIGH,person,176,person entered 'Restricted Zone',snapshots/20260928_151332_960271_INTRUSION.jpg
2026-09-28 15:13:35,1790588615.62198,GROUP_INTRUSION,HIGH,,-1,3 persons inside 'Restricted Zone',snapshots/20260928_151335_654792_GROUP_INTRUSION.jpg
2026-09-28 15:13:38,1790588618.223655,LOITERING,MEDIUM,person,173,person stationary > 8s,snapshots/20260928_151338_256537_LOITERING.jpg
2026-09-28 15:13:38,1790588618.5231628,FACE_DETECTED,INFO,person,181,face detected on tracked person,
2026-09-28 15:13:39,1790588619.2246242,INTRUSION,HIGH,person,181,person entered 'Restricted Zone',snapshots/20260928_151339_258512_INTRUSION.jpg
2026-09-28 15:13:39,1790588619.823902,INTRUSION,HIGH,person,176,person entered 'Restricted Zone',snapshots/20260928_151339_855147_INTRUSION.jpg
2026-09-28 15:13:41,1790588621.620436,TRIPWIRE,HIGH,person,176,person crossed 'Border Line' (side 1 -> side 2),snapshots/20260928_151341_651461_TRIPWIRE.jpg
2026-09-28 15:13:41,1790588621.620436,RUNNING,MEDIUM,person,176,person moving fast (0.47 widths/s),snapshots/20260928_151341_653533_RUNNING.jpg
2026-09-28 15:13:42,1790588622.920536,INTRUSION,HIGH,person,181,person entered 'Restricted Zone',snapshots/20260928_151342_953166_INTRUSION.jpg
2026-09-28 15:13:44,1790588624.4204102,INTRUSION,HIGH,person,184,person entered 'Restricted Zone',snapshots/20260928_151344_453235_INTRUSION.jpg
2026-09-28 15:13:47,1790588627.0250812,FACE_DETECTED,INFO,person,185,face detected on tracked person,
2026-09-28 15:13:47,1790588627.5242739,LOITERING,MEDIUM,person,130,person stationary > 8s,snapshots/20260928_151347_557187_LOITERING.jpg
2026-09-28 15:13:47,1790588627.620289,INTRUSION,HIGH,person,181,person entered 'Restricted Zone',snapshots/20260928_151347_653092_INTRUSION.jpg
2026-09-28 15:13:48,1790588628.322599,INTRUSION,HIGH,person,181,person entered 'Restricted Zone',snapshots/20260928_151348_354974_INTRUSION.jpg
2026-09-28 15:13:49,1790588629.123034,INTRUSION,HIGH,person,181,person entered 'Restricted Zone',snapshots/20260928_151349_156380_INTRUSION.jpg
2026-09-28 15:13:49,1790588629.222584,INTRUSION,HIGH,person,184,person entered 'Restricted Zone',snapshots/20260928_151349_255175_INTRUSION.jpg
2026-09-28 15:13:49,1790588629.928127,LOITERING,MEDIUM,person,173,person stationary > 8s,snapshots/20260928_151349_958179_LOITERING.jpg
2026-09-28 15:13:51,1790588631.129468,TRIPWIRE,HIGH,person,184,person crossed 'Border Line' (side 1 -> side 2),snapshots/20260928_151351_165385_TRIPWIRE.jpg
2026-09-28 15:13:51,1790588631.327306,RUNNING,MEDIUM,person,184,person moving fast (0.83 widths/s),snapshots/20260928_151351_361512_RUNNING.jpg
2026-09-28 15:13:51,1790588631.524881,LOITERING,MEDIUM,person,95,person stationary > 8s,snapshots/20260928_151351_559405_LOITERING.jpg
2026-09-28 15:13:51,1790588631.524881,RUNNING,MEDIUM,person,181,person moving fast (0.38 widths/s),snapshots/20260928_151351_561823_RUNNING.jpg
2026-09-28 15:13:53,1790588633.6575942,INTRUSION,HIGH,person,181,person entered 'Restricted Zone',snapshots/20260928_151353_691052_INTRUSION.jpg
2026-09-28 15:13:54,1790588634.858112,INTRUSION,HIGH,person,181,person entered 'Restricted Zone',snapshots/20260928_151354_890548_INTRUSION.jpg
2026-09-28 15:13:56,1790588636.5591931,FACE_DETECTED,INFO,person,188,face detected on tracked person,
2026-09-28 15:13:56,1790588636.9570649,INTRUSION,HIGH,person,181,person entered 'Restricted Zone',snapshots/20260928_151356_990110_INTRUSION.jpg
2026-09-28 15:13:57,1790588637.5576189,LOITERING,MEDIUM,person,130,person stationary > 8s,snapshots/20260928_151357_590511_LOITERING.jpg
2026-09-28 15:13:57,1790588637.5576189,INTRUSION,HIGH,person,181,person entered 'Restricted Zone',snapshots/20260928_151357_592458_INTRUSION.jpg
2026-09-28 15:13:58,1790588638.2549682,TRIPWIRE,HIGH,person,189,person crossed 'Border Line' (side 2 -> side 1),snapshots/20260928_151358_288928_TRIPWIRE.jpg
2026-09-28 15:13:58,1790588638.556206,INTRUSION,HIGH,person,181,person entered 'Restricted Zone',snapshots/20260928_151358_596358_INTRUSION.jpg
2026-09-28 15:13:58,1790588638.556206,FACE_DETECTED,INFO,person,189,face detected on tracked person,
2026-09-28 15:13:58,1790588638.956715,TRIPWIRE,HIGH,person,130,person crossed 'Border Line' (side 1 -> side 2),snapshots/20260928_151358_989147_TRIPWIRE.jpg
2026-09-28 15:13:58,1790588638.956715,RUNNING,MEDIUM,person,130,person moving fast (0.36 widths/s),snapshots/20260928_151358_991159_RUNNING.jpg
2026-09-28 15:13:59,1790588639.454845,INTRUSION,HIGH,person,181,person entered 'Restricted Zone',snapshots/20260928_151359_488392_INTRUSION.jpg
2026-09-28 15:13:59,1790588639.754941,TRIPWIRE,HIGH,person,95,person crossed 'Border Line' (side 2 -> side 1),snapshots/20260928_151359_786454_TRIPWIRE.jpg
2026-09-28 15:13:59,1790588639.958678,LOITERING,MEDIUM,person,173,person stationary > 8s,snapshots/20260928_151359_991200_LOITERING.jpg
2026-09-28 15:14:01,1790588641.157139,INTRUSION,HIGH,person,181,person entered 'Restricted Zone',snapshots/20260928_151401_189791_INTRUSION.jpg
2026-09-28 15:14:04,1790588644.6610508,INTRUSION,HIGH,person,181,person entered 'Restricted Zone',snapshots/20260928_151404_696724_INTRUSION.jpg
2026-09-28 15:14:04,1790588644.862278,LOITERING,MEDIUM,person,189,person stationary > 8s,snapshots/20260928_151404_895805_LOITERING.jpg
2026-09-28 15:14:05,1790588645.75761,INTRUSION,HIGH,person,189,person entered 'Restricted Zone',snapshots/20260928_151405_790207_INTRUSION.jpg
2026-09-28 15:14:10,1790588650.065283,LOITERING,MEDIUM,person,173,person stationary > 8s,snapshots/20260928_151410_098679_LOITERING.jpg
2026-09-28 15:14:10,1790588650.7661371,RUNNING,MEDIUM,person,181,person moving fast (0.44 widths/s),snapshots/20260928_151410_801017_RUNNING.jpg
2026-09-28 15:14:11,1790588651.5663402,TRIPWIRE,HIGH,person,181,person crossed 'Border Line' (side 1 -> side 2),snapshots/20260928_151411_601027_TRIPWIRE.jpg
2026-09-28 15:14:12,1790588652.4679801,INTRUSION,HIGH,person,194,person entered 'Restricted Zone',snapshots/20260928_151412_503386_INTRUSION.jpg
2026-09-28 15:14:13,1790588653.160727,TRIPWIRE,HIGH,person,95,person crossed 'Border Line' (side 2 -> side 1),snapshots/20260928_151413_196473_TRIPWIRE.jpg
2026-09-28 15:14:13,1790588653.963872,INTRUSION,HIGH,person,95,person entered 'Restricted Zone',snapshots/20260928_151413_998344_INTRUSION.jpg
2026-09-28 15:14:16,1790588656.0662248,INTRUSION,HIGH,person,194,person entered 'Restricted Zone',snapshots/20260928_151416_102766_INTRUSION.jpg
2026-09-28 15:14:16,1790588656.558796,FACE_DETECTED,INFO,person,197,face detected on tracked person,
2026-09-28 15:14:17,1790588657.0547462,TRIPWIRE,HIGH,person,197,person crossed 'Border Line' (side 2 -> side 1),snapshots/20260928_151417_094468_TRIPWIRE.jpg
2026-09-28 15:14:17,1790588657.365189,INTRUSION,HIGH,person,197,person entered 'Restricted Zone',snapshots/20260928_151417_399544_INTRUSION.jpg
2026-09-28 15:14:18,1790588658.65746,INTRUSION,HIGH,person,194,person entered 'Restricted Zone',snapshots/20260928_151418_690270_INTRUSION.jpg
2026-09-28 15:14:20,1790588660.097273,LOITERING,MEDIUM,person,173,person stationary > 8s,snapshots/20260928_151420_132164_LOITERING.jpg
2026-09-28 15:14:21,1790588661.0934741,LOITERING,MEDIUM,person,189,person stationary > 8s,snapshots/20260928_151421_132015_LOITERING.jpg
2026-09-28 15:14:22,1790588662.099154,INTRUSION,HIGH,person,173,person entered 'Restricted Zone',snapshots/20260928_151422_135166_INTRUSION.jpg
2026-09-28 15:14:22,1790588662.5953422,FACE_DETECTED,INFO,person,199,face detected on tracked person,
2026-09-28 15:14:24,1790588664.0929291,FACE_DETECTED,INFO,person,200,face detected on tracked person,
2026-09-28 15:14:24,1790588664.8968582,INTRUSION,HIGH,person,194,person entered 'Restricted Zone',snapshots/20260928_151424_930558_INTRUSION.jpg
2026-09-28 15:14:30,1790588670.8008718,INTRUSION,HIGH,person,194,person entered 'Restricted Zone',snapshots/20260928_151430_834665_INTRUSION.jpg
2026-09-28 15:14:31,1790588671.1002,LOITERING,MEDIUM,person,189,person stationary > 8s,snapshots/20260928_151431_138300_LOITERING.jpg
2026-09-28 15:14:34,1790588674.197186,LOITERING,MEDIUM,person,181,person stationary > 8s,snapshots/20260928_151434_230432_LOITERING.jpg
2026-09-28 15:14:36,1790588676.4986298,LOITERING,MEDIUM,person,199,person stationary > 8s,snapshots/20260928_151436_530971_LOITERING.jpg
2026-09-28 15:14:46,1790588686.595562,LOITERING,MEDIUM,person,199,person stationary > 8s,snapshots/20260928_151446_628716_LOITERING.jpg
2026-09-28 15:14:47,1790588687.097744,LOITERING,MEDIUM,person,181,person stationary > 8s,snapshots/20260928_151447_129879_LOITERING.jpg
2026-09-28 15:14:47,1790588687.6016462,LOITERING,MEDIUM,person,189,person stationary > 8s,snapshots/20260928_151447_635063_LOITERING.jpg
2026-09-28 15:14:50,1790588690.3016489,LOITERING,MEDIUM,person,194,person stationary > 8s,snapshots/20260928_151450_334372_LOITERING.jpg
2026-09-28 15:14:51,1790588691.001438,INTRUSION,HIGH,person,194,person entered 'Restricted Zone',snapshots/20260928_151451_035558_INTRUSION.jpg
2026-09-28 15:14:51,1790588691.593812,FACE_DETECTED,INFO,person,205,face detected on tracked person,
2026-09-28 15:14:58,1790588698.4996638,TRIPWIRE,HIGH,person,194,person crossed 'Border Line' (side 1 -> side 2),snapshots/20260928_151458_531844_TRIPWIRE.jpg
2026-09-28 15:14:58,1790588698.5950952,FACE_DETECTED,INFO,person,194,face detected on tracked person,
2026-09-28 15:14:59,1790588699.0003781,RUNNING,MEDIUM,person,194,person moving fast (0.32 widths/s),snapshots/20260928_151459_033332_RUNNING.jpg
2026-09-28 15:15:01,1790588701.103384,LOITERING,MEDIUM,person,205,person stationary > 8s,snapshots/20260928_151501_137134_LOITERING.jpg
2026-09-28 15:15:03,1790588703.900673,INTRUSION,HIGH,person,206,person entered 'Restricted Zone',snapshots/20260928_151503_933957_INTRUSION.jpg
2026-09-28 15:15:06,1790588706.203676,LOITERING,MEDIUM,person,199,person stationary > 8s,snapshots/20260928_151506_236872_LOITERING.jpg
2026-09-28 15:15:06,1790588706.203676,INTRUSION,HIGH,person,207,person entered 'Restricted Zone',snapshots/20260928_151506_238963_INTRUSION.jpg
2026-09-28 15:15:09,1790588709.6006799,LOITERING,MEDIUM,person,181,person stationary > 8s,snapshots/20260928_151509_634314_LOITERING.jpg
2026-09-28 15:15:11,1790588711.197233,LOITERING,MEDIUM,person,205,person stationary > 8s,snapshots/20260928_151511_230105_LOITERING.jpg
2026-09-28 15:15:11,1790588711.401411,INTRUSION,HIGH,person,206,person entered 'Restricted Zone',snapshots/20260928_151511_434335_INTRUSION.jpg
2026-09-28 15:15:11,1790588711.603283,FACE_DETECTED,INFO,person,208,face detected on tracked person,
2026-09-28 15:15:11,1790588711.935221,TRIPWIRE,HIGH,person,181,person crossed 'Border Line' (side 2 -> side 1),snapshots/20260928_151511_968599_TRIPWIRE.jpg
2026-09-28 15:15:12,1790588712.734518,RUNNING,MEDIUM,person,181,person moving fast (0.37 widths/s),snapshots/20260928_151512_766691_RUNNING.jpg
2026-09-28 15:15:18,1790588718.133316,INTRUSION,HIGH,person,206,person entered 'Restricted Zone',snapshots/20260928_151518_169230_INTRUSION.jpg
2026-09-28 15:15:19,1790588719.335558,LOITERING,MEDIUM,person,206,person stationary > 8s,snapshots/20260928_151519_370739_LOITERING.jpg
2026-09-28 15:15:20,1790588720.53608,INTRUSION,HIGH,person,206,person entered 'Restricted Zone',snapshots/20260928_151520_569445_INTRUSION.jpg
2026-09-28 15:15:21,1790588721.234219,LOITERING,MEDIUM,person,205,person stationary > 8s,snapshots/20260928_151521_267507_LOITERING.jpg
2026-09-28 15:15:22,1790588722.236713,LOITERING,MEDIUM,person,199,person stationary > 8s,snapshots/20260928_151522_270632_LOITERING.jpg
2026-09-28 15:15:23,1790588723.6349618,FACE_DETECTED,INFO,person,206,face detected on tracked person,
2026-09-28 15:15:27,1790588727.839052,INTRUSION,HIGH,person,209,person entered 'Restricted Zone',snapshots/20260928_151527_872688_INTRUSION.jpg
2026-09-28 15:15:30,1790588730.837533,LOITERING,MEDIUM,person,206,person stationary > 8s,snapshots/20260928_151530_871052_LOITERING.jpg
2026-09-28 15:15:31,1790588731.337396,INTRUSION,HIGH,person,209,person entered 'Restricted Zone',snapshots/20260928_151531_370812_INTRUSION.jpg
2026-09-28 15:15:32,1790588732.336302,LOITERING,MEDIUM,person,199,person stationary > 8s,snapshots/20260928_151532_368979_LOITERING.jpg
2026-09-28 15:15:32,1790588732.536504,INTRUSION,HIGH,person,209,person entered 'Restricted Zone',snapshots/20260928_151532_570644_INTRUSION.jpg
2026-09-28 15:15:33,1790588733.339618,INTRUSION,HIGH,person,210,person entered 'Restricted Zone',snapshots/20260928_151533_373020_INTRUSION.jpg
2026-09-28 15:15:36,1790588736.5378282,INTRUSION,HIGH,person,210,person entered 'Restricted Zone',snapshots/20260928_151536_570206_INTRUSION.jpg
2026-09-28 15:15:36,1790588736.630338,RUNNING,MEDIUM,person,209,person moving fast (0.30 widths/s),snapshots/20260928_151536_673112_RUNNING.jpg
2026-09-28 15:15:36,1790588736.630338,FACE_DETECTED,INFO,person,209,face detected on tracked person,
2026-09-28 15:15:37,1790588737.437377,INTRUSION,HIGH,person,210,person entered 'Restricted Zone',snapshots/20260928_151537_471416_INTRUSION.jpg
2026-09-28 15:15:39,1790588739.037345,INTRUSION,HIGH,person,210,person entered 'Restricted Zone',snapshots/20260928_151539_070507_INTRUSION.jpg
2026-09-28 15:15:40,1790588740.838101,LOITERING,MEDIUM,person,206,person stationary > 8s,snapshots/20260928_151540_870057_LOITERING.jpg
2026-09-28 15:15:41,1790588741.338606,INTRUSION,HIGH,person,210,person entered 'Restricted Zone',snapshots/20260928_151541_372276_INTRUSION.jpg
2026-09-28 15:15:42,1790588742.136844,FACE_DETECTED,INFO,person,212,face detected on tracked person,
2026-09-28 15:15:43,1790588743.2372649,INTRUSION,HIGH,person,210,person entered 'Restricted Zone',snapshots/20260928_151543_272082_INTRUSION.jpg
2026-09-28 15:15:43,1790588743.5369558,RUNNING,MEDIUM,person,206,person moving fast (0.33 widths/s),snapshots/20260928_151543_570290_RUNNING.jpg
2026-09-28 15:15:45,1790588745.437249,INTRUSION,HIGH,person,210,person entered 'Restricted Zone',snapshots/20260928_151545_470812_INTRUSION.jpg
2026-09-28 15:15:45,1790588745.437249,RUNNING,MEDIUM,person,210,person moving fast (0.46 widths/s),snapshots/20260928_151545_472710_RUNNING.jpg
2026-09-28 15:15:46,1790588746.036161,LOITERING,MEDIUM,person,208,person stationary > 8s,snapshots/20260928_151546_069103_LOITERING.jpg
2026-09-28 15:15:46,1790588746.036161,LOITERING,MEDIUM,person,209,person stationary > 8s,snapshots/20260928_151546_071808_LOITERING.jpg
2026-09-28 15:15:46,1790588746.1326542,FACE_DETECTED,INFO,person,210,face detected on tracked person,
2026-09-28 15:15:46,1790588746.933336,INTRUSION,HIGH,person,213,person entered 'Restricted Zone',snapshots/20260928_151546_965487_INTRUSION.jpg
2026-09-28 15:15:47,1790588747.139592,FACE_DETECTED,INFO,person,214,face detected on tracked person,
2026-09-28 15:15:47,1790588747.437421,INTRUSION,HIGH,person,212,person entered 'Restricted Zone',snapshots/20260928_151547_470185_INTRUSION.jpg
2026-09-28 15:15:48,1790588748.437249,INTRUSION,HIGH,person,212,person entered 'Restricted Zone',snapshots/20260928_151548_471757_INTRUSION.jpg
2026-09-28 15:15:49,1790588749.437778,INTRUSION,HIGH,person,214,person entered 'Restricted Zone',snapshots/20260928_151549_469902_INTRUSION.jpg
2026-09-28 15:15:50,1790588750.536739,INTRUSION,HIGH,person,214,person entered 'Restricted Zone',snapshots/20260928_151550_569819_INTRUSION.jpg
2026-09-28 15:15:53,1790588753.441395,LOITERING,MEDIUM,person,210,person stationary > 8s,snapshots/20260928_151553_475353_LOITERING.jpg
2026-09-28 15:15:53,1790588753.838472,RUNNING,MEDIUM,person,214,person moving fast (0.31 widths/s),snapshots/20260928_151553_872749_RUNNING.jpg
2026-09-28 15:15:54,1790588754.3391428,INTRUSION,HIGH,person,214,person entered 'Restricted Zone',snapshots/20260928_151554_372151_INTRUSION.jpg
2026-09-28 15:15:54,1790588754.4324648,RUNNING,MEDIUM,person,212,person moving fast (0.32 widths/s),snapshots/20260928_151554_465121_RUNNING.jpg
2026-09-28 15:15:54,1790588754.7352698,INTRUSION,HIGH,person,212,person entered 'Restricted Zone',snapshots/20260928_151554_767737_INTRUSION.jpg
2026-09-28 15:15:55,1790588755.140455,FACE_DETECTED,INFO,person,215,face detected on tracked person,
2026-09-28 15:15:56,1790588756.039715,LOITERING,MEDIUM,person,209,person stationary > 8s,snapshots/20260928_151556_073256_LOITERING.jpg
2026-09-28 15:15:58,1790588758.035873,INTRUSION,HIGH,person,216,person entered 'Restricted Zone',snapshots/20260928_151558_068063_INTRUSION.jpg
2026-09-28 15:16:02,1790588762.7321432,LOITERING,MEDIUM,person,215,person stationary > 8s,snapshots/20260928_151602_764436_LOITERING.jpg
2026-09-28 15:16:02,1790588762.939879,RUNNING,MEDIUM,person,216,person moving fast (0.59 widths/s),snapshots/20260928_151602_973235_RUNNING.jpg
2026-09-28 15:16:03,1790588763.540961,LOITERING,MEDIUM,person,210,person stationary > 8s,snapshots/20260928_151603_575207_LOITERING.jpg
2026-09-28 15:16:03,1790588763.7386298,INTRUSION,HIGH,person,216,person entered 'Restricted Zone',snapshots/20260928_151603_770871_INTRUSION.jpg
2026-09-28 15:16:04,1790588764.1390002,INTRUSION,HIGH,person,212,person entered 'Restricted Zone',snapshots/20260928_151604_171596_INTRUSION.jpg
2026-09-28 15:16:04,1790588764.342487,LOITERING,MEDIUM,person,208,person stationary > 8s,snapshots/20260928_151604_375768_LOITERING.jpg
2026-09-28 15:16:06,1790588766.137763,LOITERING,MEDIUM,person,209,person stationary > 8s,snapshots/20260928_151606_179709_LOITERING.jpg
2026-09-28 15:16:06,1790588766.137763,FACE_DETECTED,INFO,person,216,face detected on tracked person,
2026-09-28 15:16:09,1790588769.541075,INTRUSION,HIGH,person,216,person entered 'Restricted Zone',snapshots/20260928_151609_574191_INTRUSION.jpg
2026-09-28 15:16:10,1790588770.439848,INTRUSION,HIGH,person,217,person entered 'Restricted Zone',snapshots/20260928_151610_472794_INTRUSION.jpg
2026-09-28 15:16:12,1790588772.6402218,FACE_DETECTED,INFO,person,218,face detected on tracked person,
2026-09-28 15:16:13,1790588773.343198,INTRUSION,HIGH,person,217,person entered 'Restricted Zone',snapshots/20260928_151613_377072_INTRUSION.jpg
2026-09-28 15:16:15,1790588775.736934,LOITERING,MEDIUM,person,212,person stationary > 8s,snapshots/20260928_151615_770083_LOITERING.jpg
2026-09-28 15:16:16,1790588776.1411269,LOITERING,MEDIUM,person,209,person stationary > 8s,snapshots/20260928_151616_174806_LOITERING.jpg
2026-09-28 15:16:16,1790588776.541822,INTRUSION,HIGH,person,217,person entered 'Restricted Zone',snapshots/20260928_151616_575549_INTRUSION.jpg
2026-09-28 15:16:17,1790588777.642051,INTRUSION,HIGH,person,217,person entered 'Restricted Zone',snapshots/20260928_151617_679682_INTRUSION.jpg
2026-09-28 15:16:19,1790588779.237207,INTRUSION,HIGH,person,217,person entered 'Restricted Zone',snapshots/20260928_151619_269847_INTRUSION.jpg
2026-09-28 15:16:21,1790588781.94028,INTRUSION,HIGH,person,217,person entered 'Restricted Zone',snapshots/20260928_151621_972438_INTRUSION.jpg
2026-09-28 15:16:23,1790588783.539007,INTRUSION,HIGH,person,217,person entered 'Restricted Zone',snapshots/20260928_151623_571373_INTRUSION.jpg
2026-09-28 15:16:24,1790588784.941673,LOITERING,MEDIUM,person,217,person stationary > 8s,snapshots/20260928_151624_973549_LOITERING.jpg
2026-09-28 15:16:26,1790588786.143074,LOITERING,MEDIUM,person,209,person stationary > 8s,snapshots/20260928_151626_179421_LOITERING.jpg
2026-09-28 15:16:26,1790588786.643678,INTRUSION,HIGH,person,217,person entered 'Restricted Zone',snapshots/20260928_151626_679944_INTRUSION.jpg
2026-09-28 15:16:28,1790588788.144007,FACE_DETECTED,INFO,person,220,face detected on tracked person,
2026-09-28 15:16:28,1790588788.8421261,LOITERING,MEDIUM,person,212,person stationary > 8s,snapshots/20260928_151628_874872_LOITERING.jpg
2026-09-28 15:16:29,1790588789.142517,FACE_DETECTED,INFO,person,221,face detected on tracked person,
2026-09-28 15:16:30,1790588790.1411672,INTRUSION,HIGH,person,217,person entered 'Restricted Zone',snapshots/20260928_151630_178533_INTRUSION.jpg
2026-09-28 15:16:30,1790588790.844917,INTRUSION,HIGH,person,220,person entered 'Restricted Zone',snapshots/20260928_151630_879217_INTRUSION.jpg
2026-09-28 15:16:31,1790588791.546314,LOITERING,MEDIUM,person,208,person stationary > 8s,snapshots/20260928_151631_581163_LOITERING.jpg
2026-09-28 15:16:31,1790588791.8438559,INTRUSION,HIGH,person,220,person entered 'Restricted Zone',snapshots/20260928_151631_877110_INTRUSION.jpg
2026-09-28 15:16:33,1790588793.349233,INTRUSION,HIGH,person,220,person entered 'Restricted Zone',snapshots/20260928_151633_383707_INTRUSION.jpg
2026-09-28 15:16:35,1790588795.0455391,INTRUSION,HIGH,person,220,person entered 'Restricted Zone',snapshots/20260928_151635_079408_INTRUSION.jpg
2026-09-28 15:16:35,1790588795.445698,INTRUSION,HIGH,person,220,person entered 'Restricted Zone',snapshots/20260928_151635_479869_INTRUSION.jpg
2026-09-28 15:16:36,1790588796.247217,LOITERING,MEDIUM,person,209,person stationary > 8s,snapshots/20260928_151636_281003_LOITERING.jpg
2026-09-28 15:16:36,1790588796.442094,INTRUSION,HIGH,person,220,person entered 'Restricted Zone',snapshots/20260928_151636_475624_INTRUSION.jpg
2026-09-28 15:16:37,1790588797.346163,INTRUSION,HIGH,person,220,person entered 'Restricted Zone',snapshots/20260928_151637_380057_INTRUSION.jpg
2026-09-28 15:16:37,1790588797.438678,RUNNING,MEDIUM,person,221,person moving fast (0.31 widths/s),snapshots/20260928_151637_472187_RUNNING.jpg
2026-09-28 15:16:38,1790588798.838474,INTRUSION,HIGH,person,220,person entered 'Restricted Zone',snapshots/20260928_151638_871417_INTRUSION.jpg
2026-09-28 15:16:38,1790588798.936723,LOITERING,MEDIUM,person,212,person stationary > 8s,snapshots/20260928_151638_968901_LOITERING.jpg
2026-09-28 15:16:40,1790588800.339288,TRIPWIRE,HIGH,person,208,person crossed 'Border Line' (side 2 -> side 1),snapshots/20260928_151640_373007_TRIPWIRE.jpg
2026-09-28 15:16:41,1790588801.841542,INTRUSION,HIGH,person,212,person entered 'Restricted Zone',snapshots/20260928_151641_875441_INTRUSION.jpg
2026-09-28 15:16:43,1790588803.6430368,FACE_DETECTED,INFO,person,222,face detected on tracked person,
2026-09-28 15:16:46,1790588806.041823,INTRUSION,HIGH,person,212,person entered 'Restricted Zone',snapshots/20260928_151646_075642_INTRUSION.jpg
2026-09-28 15:16:46,1790588806.24926,LOITERING,MEDIUM,person,209,person stationary > 8s,snapshots/20260928_151646_283051_LOITERING.jpg
2026-09-28 15:16:46,1790588806.5476701,INTRUSION,HIGH,person,223,person entered 'Restricted Zone',snapshots/20260928_151646_581143_INTRUSION.jpg
2026-09-28 15:16:46,1790588806.748379,RUNNING,MEDIUM,person,212,person moving fast (0.37 widths/s),snapshots/20260928_151646_781926_RUNNING.jpg
2026-09-28 15:16:46,1790588806.839336,LOITERING,MEDIUM,person,221,person stationary > 8s,snapshots/20260928_151646_872595_LOITERING.jpg
2026-09-28 15:16:51,1790588811.548285,INTRUSION,HIGH,person,222,person entered 'Restricted Zone',snapshots/20260928_151651_581558_INTRUSION.jpg
2026-09-28 15:16:53,1790588813.14716,FACE_DETECTED,INFO,person,223,face detected on tracked person,
2026-09-28 15:16:55,1790588815.148163,RUNNING,MEDIUM,person,221,person moving fast (0.38 widths/s),snapshots/20260928_151655_180622_RUNNING.jpg
2026-09-28 15:16:55,1790588815.345238,INTRUSION,HIGH,person,221,person entered 'Restricted Zone',snapshots/20260928_151655_377409_INTRUSION.jpg
2026-09-28 15:16:56,1790588816.347967,LOITERING,MEDIUM,person,209,person stationary > 8s,snapshots/20260928_151656_380636_LOITERING.jpg
2026-09-28 15:16:57,1790588817.139803,INTRUSION,HIGH,person,223,person entered 'Restricted Zone',snapshots/20260928_151657_173370_INTRUSION.jpg
2026-09-28 15:16:58,1790588818.148265,LOITERING,MEDIUM,person,208,person stationary > 8s,snapshots/20260928_151658_182342_LOITERING.jpg
2026-09-28 15:17:02,1790588822.4478111,INTRUSION,HIGH,person,209,person entered 'Restricted Zone',snapshots/20260928_151702_480607_INTRUSION.jpg
2026-09-28 15:17:03,1790588823.8503659,INTRUSION,HIGH,person,209,person entered 'Restricted Zone',snapshots/20260928_151703_882872_INTRUSION.jpg
2026-09-28 15:17:05,1790588825.447263,INTRUSION,HIGH,person,227,person entered 'Restricted Zone',snapshots/20260928_151705_482113_INTRUSION.jpg
2026-09-28 15:17:06,1790588826.445345,LOITERING,MEDIUM,person,209,person stationary > 8s,snapshots/20260928_151706_480148_LOITERING.jpg
2026-09-28 15:17:07,1790588827.546685,RUNNING,MEDIUM,person,209,person moving fast (0.32 widths/s),snapshots/20260928_151707_580640_RUNNING.jpg
2026-09-28 15:17:07,1790588827.94261,INTRUSION,HIGH,person,227,person entered 'Restricted Zone',snapshots/20260928_151707_977486_INTRUSION.jpg
2026-09-28 15:17:08,1790588828.7467442,TRIPWIRE,HIGH,person,208,person crossed 'Border Line' (side 2 -> side 1),snapshots/20260928_151708_780644_TRIPWIRE.jpg
2026-09-28 15:17:08,1790588828.7467442,INTRUSION,HIGH,person,209,person entered 'Restricted Zone',snapshots/20260928_151708_782702_INTRUSION.jpg
2026-09-28 15:17:09,1790588829.250078,INTRUSION,HIGH,person,222,person entered 'Restricted Zone',snapshots/20260928_151709_284563_INTRUSION.jpg
2026-09-28 15:17:09,1790588829.250078,GROUP_INTRUSION,HIGH,,-1,3 persons inside 'Restricted Zone',snapshots/20260928_151709_286645_GROUP_INTRUSION.jpg
2026-09-28 15:17:10,1790588830.150348,INTRUSION,HIGH,person,227,person entered 'Restricted Zone',snapshots/20260928_151710_189102_INTRUSION.jpg
2026-09-28 15:17:10,1790588830.6468632,INTRUSION,HIGH,person,228,person entered 'Restricted Zone',snapshots/20260928_151710_684550_INTRUSION.jpg
2026-09-28 15:17:10,1790588830.849932,INTRUSION,HIGH,person,222,person entered 'Restricted Zone',snapshots/20260928_151710_884892_INTRUSION.jpg
2026-09-28 15:17:10,1790588830.849932,RUNNING,MEDIUM,person,228,person moving fast (0.48 widths/s),snapshots/20260928_151710_886985_RUNNING.jpg
2026-09-28 15:17:12,1790588832.651372,INTRUSION,HIGH,person,229,person entered 'Restricted Zone',snapshots/20260928_151712_694558_INTRUSION.jpg
2026-09-28 15:17:13,1790588833.149503,INTRUSION,HIGH,person,227,person entered 'Restricted Zone',snapshots/20260928_151713_192384_INTRUSION.jpg
2026-09-28 15:17:13,1790588833.149503,FACE_DETECTED,INFO,person,228,face detected on tracked person,
2026-09-28 15:17:13,1790588833.547445,INTRUSION,HIGH,person,227,person entered 'Restricted Zone',snapshots/20260928_151713_581069_INTRUSION.jpg
2026-09-28 15:17:13,1790588833.643462,RUNNING,MEDIUM,person,229,person moving fast (0.31 widths/s),snapshots/20260928_151713_687549_RUNNING.jpg
2026-09-28 15:17:13,1790588833.643462,FACE_DETECTED,INFO,person,229,face detected on tracked person,
2026-09-28 15:17:13,1790588833.739958,INTRUSION,HIGH,person,209,person entered 'Restricted Zone',snapshots/20260928_151713_773032_INTRUSION.jpg
2026-09-28 15:17:13,1790588833.8502028,RUNNING,MEDIUM,person,222,person moving fast (0.44 widths/s),snapshots/20260928_151713_882264_RUNNING.jpg
2026-09-28 15:17:14,1790588834.949533,RUNNING,MEDIUM,person,227,person moving fast (0.32 widths/s),snapshots/20260928_151714_981437_RUNNING.jpg
2026-09-28 15:17:15,1790588835.446222,INTRUSION,HIGH,person,228,person entered 'Restricted Zone',snapshots/20260928_151715_479604_INTRUSION.jpg
2026-09-28 15:17:15,1790588835.5439281,INTRUSION,HIGH,person,229,person entered 'Restricted Zone',snapshots/20260928_151715_577846_INTRUSION.jpg
2026-09-28 15:17:16,1790588836.647404,FACE_DETECTED,INFO,person,227,face detected on tracked person,
2026-09-28 15:17:17,1790588837.6498618,INTRUSION,HIGH,person,222,person entered 'Restricted Zone',snapshots/20260928_151717_683129_INTRUSION.jpg
2026-09-28 15:17:17,1790588837.6498618,INTRUSION,HIGH,person,227,person entered 'Restricted Zone',snapshots/20260928_151717_685204_INTRUSION.jpg
2026-09-28 15:17:19,1790588839.045435,TRIPWIRE,HIGH,person,208,person crossed 'Border Line' (side 2 -> side 1),snapshots/20260928_151719_079434_TRIPWIRE.jpg
2026-09-28 15:17:21,1790588841.2490702,INTRUSION,HIGH,person,229,person entered 'Restricted Zone',snapshots/20260928_151721_282975_INTRUSION.jpg
2026-09-28 15:17:21,1790588841.551093,INTRUSION,HIGH,person,222,person entered 'Restricted Zone',snapshots/20260928_151721_584361_INTRUSION.jpg
2026-09-28 15:17:21,1790588841.551093,INTRUSION,HIGH,person,230,person entered 'Restricted Zone',snapshots/20260928_151721_586417_INTRUSION.jpg
2026-09-28 15:17:22,1790588842.347837,GROUP_INTRUSION,HIGH,,-1,3 persons inside 'Restricted Zone',snapshots/20260928_151722_383071_GROUP_INTRUSION.jpg
2026-09-28 15:17:23,1790588843.246271,INTRUSION,HIGH,person,229,person entered 'Restricted Zone',snapshots/20260928_151723_278841_INTRUSION.jpg
2026-09-28 15:17:23,1790588843.34643,INTRUSION,HIGH,person,222,person entered 'Restricted Zone',snapshots/20260928_151723_380956_INTRUSION.jpg
2026-09-28 15:17:23,1790588843.850039,LOITERING,MEDIUM,person,223,person stationary > 8s,snapshots/20260928_151723_883799_LOITERING.jpg
2026-09-28 15:17:23,1790588843.9470239,RUNNING,MEDIUM,person,230,person moving fast (0.36 widths/s),snapshots/20260928_151723_980680_RUNNING.jpg
2026-09-28 15:17:24,1790588844.151954,FACE_DETECTED,INFO,person,230,face detected on tracked person,
2026-09-28 15:17:25,1790588845.4527721,INTRUSION,HIGH,person,223,person entered 'Restricted Zone',snapshots/20260928_151725_487126_INTRUSION.jpg
2026-09-28 15:17:25,1790588845.4527721,INTRUSION,HIGH,person,230,person entered 'Restricted Zone',snapshots/20260928_151725_490266_INTRUSION.jpg
2026-09-28 15:17:26,1790588846.0563369,INTRUSION,HIGH,person,228,person entered 'Restricted Zone',snapshots/20260928_151726_089908_INTRUSION.jpg
2026-09-28 15:17:26,1790588846.0563369,INTRUSION,HIGH,person,229,person entered 'Restricted Zone',snapshots/20260928_151726_091952_INTRUSION.jpg
2026-09-28 15:17:26,1790588846.453307,INTRUSION,HIGH,person,223,person entered 'Restricted Zone',snapshots/20260928_151726_487713_INTRUSION.jpg
2026-09-28 15:17:26,1790588846.548715,INTRUSION,HIGH,person,229,person entered 'Restricted Zone',snapshots/20260928_151726_583203_INTRUSION.jpg
2026-09-28 15:17:26,1790588846.9541938,INTRUSION,HIGH,person,229,person entered 'Restricted Zone',snapshots/20260928_151726_988466_INTRUSION.jpg
2026-09-28 15:17:28,1790588848.458949,TRIPWIRE,HIGH,person,230,person crossed 'Border Line' (side 1 -> side 2),snapshots/20260928_151728_493168_TRIPWIRE.jpg
2026-09-28 15:17:29,1790588849.848829,INTRUSION,HIGH,person,222,person entered 'Restricted Zone',snapshots/20260928_151729_881053_INTRUSION.jpg
2026-09-28 15:17:31,1790588851.956618,INTRUSION,HIGH,person,229,person entered 'Restricted Zone',snapshots/20260928_151731_989277_INTRUSION.jpg
2026-09-28 15:17:34,1790588854.6593852,FACE_DETECTED,INFO,person,231,face detected on tracked person,
2026-09-28 15:17:38,1790588858.3635452,RUNNING,MEDIUM,person,208,person moving fast (0.33 widths/s),snapshots/20260928_151738_395887_RUNNING.jpg
2026-09-28 15:17:38,1790588858.664499,LOITERING,MEDIUM,person,222,person stationary > 8s,snapshots/20260928_151738_698067_LOITERING.jpg
2026-09-28 15:17:39,1790588859.159165,RUNNING,MEDIUM,person,231,person moving fast (0.33 widths/s),snapshots/20260928_151739_192711_RUNNING.jpg
2026-09-28 15:17:39,1790588859.6642501,FACE_DETECTED,INFO,person,233,face detected on tracked person,
2026-09-28 15:17:39,1790588859.96476,INTRUSION,HIGH,person,208,person entered 'Restricted Zone',snapshots/20260928_151739_993676_INTRUSION.jpg
2026-09-28 15:17:39,1790588859.96476,RUNNING,MEDIUM,person,233,person moving fast (0.41 widths/s),snapshots/20260928_151739_995664_RUNNING.jpg
2026-09-28 15:17:40,1790588860.6589599,INTRUSION,HIGH,person,231,person entered 'Restricted Zone',snapshots/20260928_151740_691753_INTRUSION.jpg
2026-09-28 15:17:40,1790588860.8646212,TRIPWIRE,HIGH,person,230,person crossed 'Border Line' (side 2 -> side 1),snapshots/20260928_151740_896797_TRIPWIRE.jpg
2026-09-28 15:17:41,1790588861.064629,GROUP_INTRUSION,HIGH,,-1,3 persons inside 'Restricted Zone',snapshots/20260928_151741_097958_GROUP_INTRUSION.jpg
2026-09-28 15:17:41,1790588861.158273,INTRUSION,HIGH,person,222,person entered 'Restricted Zone',snapshots/20260928_151741_192078_INTRUSION.jpg
2026-09-28 15:17:42,1790588862.066901,INTRUSION,HIGH,person,231,person entered 'Restricted Zone',snapshots/20260928_151742_100721_INTRUSION.jpg
2026-09-28 15:17:42,1790588862.664324,INTRUSION,HIGH,person,208,person entered 'Restricted Zone',snapshots/20260928_151742_696899_INTRUSION.jpg
2026-09-28 15:17:44,1790588864.967071,INTRUSION,HIGH,person,234,person entered 'Restricted Zone',snapshots/20260928_151744_999172_INTRUSION.jpg
2026-09-28 15:17:45,1790588865.664209,INTRUSION,HIGH,person,208,person entered 'Restricted Zone',snapshots/20260928_151745_696827_INTRUSION.jpg
2026-09-28 15:17:48,1790588868.16351,INTRUSION,HIGH,person,234,person entered 'Restricted Zone',snapshots/20260928_151748_196643_INTRUSION.jpg
2026-09-28 15:17:48,1790588868.86743,INTRUSION,HIGH,person,231,person entered 'Restricted Zone',snapshots/20260928_151748_901011_INTRUSION.jpg
2026-09-28 15:17:49,1790588869.265975,LOITERING,MEDIUM,person,231,person stationary > 8s,snapshots/20260928_151749_298401_LOITERING.jpg
2026-09-28 15:17:49,1790588869.467962,LOITERING,MEDIUM,person,222,person stationary > 8s,snapshots/20260928_151749_501862_LOITERING.jpg
2026-09-28 15:17:50,1790588870.0678458,RUNNING,MEDIUM,person,231,person moving fast (0.32 widths/s),snapshots/20260928_151750_098990_RUNNING.jpg
2026-09-28 15:17:51,1790588871.8685372,INTRUSION,HIGH,person,234,person entered 'Restricted Zone',snapshots/20260928_151751_901109_INTRUSION.jpg
2026-09-28 15:17:52,1790588872.366348,INTRUSION,HIGH,person,235,person entered 'Restricted Zone',snapshots/20260928_151752_399011_INTRUSION.jpg
2026-09-28 15:17:52,1790588872.770041,TRIPWIRE,HIGH,person,230,person crossed 'Border Line' (side 2 -> side 1),snapshots/20260928_151752_804586_TRIPWIRE.jpg
2026-09-28 15:17:54,1790588874.464606,RUNNING,MEDIUM,person,208,person moving fast (0.34 widths/s),snapshots/20260928_151754_497638_RUNNING.jpg
2026-09-28 15:17:54,1790588874.464606,GROUP_INTRUSION,HIGH,,-1,3 persons inside 'Restricted Zone',snapshots/20260928_151754_499586_GROUP_INTRUSION.jpg
2026-09-28 15:17:54,1790588874.668823,INTRUSION,HIGH,person,222,person entered 'Restricted Zone',snapshots/20260928_151754_701683_INTRUSION.jpg
2026-09-28 15:17:55,1790588875.168254,INTRUSION,HIGH,person,231,person entered 'Restricted Zone',snapshots/20260928_151755_201252_INTRUSION.jpg
2026-09-28 15:17:55,1790588875.261239,INTRUSION,HIGH,person,208,person entered 'Restricted Zone',snapshots/20260928_151755_297041_INTRUSION.jpg
2026-09-28 15:17:56,1790588876.765611,INTRUSION,HIGH,person,208,person entered 'Restricted Zone',snapshots/20260928_151756_801484_INTRUSION.jpg
2026-09-28 15:18:00,1790588880.269742,INTRUSION,HIGH,person,238,person entered 'Restricted Zone',snapshots/20260928_151800_302473_INTRUSION.jpg
2026-09-28 15:18:01,1790588880.969585,INTRUSION,HIGH,person,238,person entered 'Restricted Zone',snapshots/20260928_151801_002175_INTRUSION.jpg
2026-09-28 15:18:01,1790588881.3694289,INTRUSION,HIGH,person,238,person entered 'Restricted Zone',snapshots/20260928_151801_402922_INTRUSION.jpg
2026-09-28 15:18:03,1790588883.169465,LOITERING,MEDIUM,person,231,person stationary > 8s,snapshots/20260928_151803_204806_LOITERING.jpg
2026-09-28 15:18:04,1790588884.667698,FACE_DETECTED,INFO,person,241,face detected on tracked person,
2026-09-28 15:18:06,1790588886.8706229,INTRUSION,HIGH,person,231,person entered 'Restricted Zone',snapshots/20260928_151806_903803_INTRUSION.jpg
2026-09-28 15:18:07,1790588887.0676181,RUNNING,MEDIUM,person,231,person moving fast (0.33 widths/s),snapshots/20260928_151807_102138_RUNNING.jpg
2026-09-28 15:18:08,1790588888.070414,TRIPWIRE,HIGH,person,230,person crossed 'Border Line' (side 2 -> side 1),snapshots/20260928_151808_102801_TRIPWIRE.jpg
2026-09-28 15:18:08,1790588888.4715981,LOITERING,MEDIUM,person,238,person stationary > 8s,snapshots/20260928_151808_504868_LOITERING.jpg
2026-09-28 15:18:12,1790588891.974478,INTRUSION,HIGH,person,238,person entered 'Restricted Zone',snapshots/20260928_151812_008627_INTRUSION.jpg
2026-09-28 15:18:12,1790588892.171749,FACE_DETECTED,INFO,person,243,face detected on tracked person,
2026-09-28 15:18:14,1790588894.070932,INTRUSION,HIGH,person,238,person entered 'Restricted Zone',snapshots/20260928_151814_104595_INTRUSION.jpg
2026-09-28 15:18:14,1790588894.773301,INTRUSION,HIGH,person,245,person entered 'Restricted Zone',snapshots/20260928_151814_806182_INTRUSION.jpg
2026-09-28 15:18:15,1790588894.971222,INTRUSION,HIGH,person,238,person entered 'Restricted Zone',snapshots/20260928_151815_003158_INTRUSION.jpg
2026-09-28 15:18:16,1790588895.9709709,RUNNING,MEDIUM,person,245,person moving fast (0.43 widths/s),snapshots/20260928_151816_003009_RUNNING.jpg
2026-09-28 15:18:16,1790588896.6722538,INTRUSION,HIGH,person,238,person entered 'Restricted Zone',snapshots/20260928_151816_707909_INTRUSION.jpg
2026-09-28 15:18:16,1790588896.874911,RUNNING,MEDIUM,person,243,person moving fast (0.36 widths/s),snapshots/20260928_151816_907824_RUNNING.jpg
2026-09-28 15:18:17,1790588896.969862,INTRUSION,HIGH,person,244,person entered 'Restricted Zone',snapshots/20260928_151817_002128_INTRUSION.jpg
2026-09-28 15:18:17,1790588897.174926,FACE_DETECTED,INFO,person,245,face detected on tracked person,
2026-09-28 15:18:17,1790588897.266558,INTRUSION,HIGH,person,246,person entered 'Restricted Zone',snapshots/20260928_151817_299094_INTRUSION.jpg
2026-09-28 15:18:18,1790588897.971669,INTRUSION,HIGH,person,238,person entered 'Restricted Zone',snapshots/20260928_151818_004351_INTRUSION.jpg
2026-09-28 15:18:19,1790588899.472589,INTRUSION,HIGH,person,238,person entered 'Restricted Zone',snapshots/20260928_151819_505262_INTRUSION.jpg
2026-09-28 15:18:20,1790588900.3724859,INTRUSION,HIGH,person,238,person entered 'Restricted Zone',snapshots/20260928_151820_404899_INTRUSION.jpg
2026-09-28 15:18:20,1790588900.772028,INTRUSION,HIGH,person,238,person entered 'Restricted Zone',snapshots/20260928_151820_805669_INTRUSION.jpg
2026-09-28 15:18:22,1790588901.971741,INTRUSION,HIGH,person,238,person entered 'Restricted Zone',snapshots/20260928_151822_004840_INTRUSION.jpg
2026-09-28 15:18:23,1790588903.271661,LOITERING,MEDIUM,person,222,person stationary > 8s,snapshots/20260928_151823_304919_LOITERING.jpg
2026-09-28 15:18:24,1790588904.4698792,INTRUSION,HIGH,person,245,person entered 'Restricted Zone',snapshots/20260928_151824_502331_INTRUSION.jpg
2026-09-28 15:18:24,1790588904.5689118,TRIPWIRE,HIGH,person,230,person crossed 'Border Line' (side 2 -> side 1),snapshots/20260928_151824_601662_TRIPWIRE.jpg
2026-09-28 15:18:25,1790588904.973113,GROUP_INTRUSION,HIGH,,-1,3 persons inside 'Restricted Zone',snapshots/20260928_151825_002746_GROUP_INTRUSION.jpg
2026-09-28 15:18:25,1790588905.068177,INTRUSION,HIGH,person,238,person entered 'Restricted Zone',snapshots/20260928_151825_099760_INTRUSION.jpg
2026-09-28 15:18:25,1790588905.068177,TRIPWIRE,HIGH,person,248,person crossed 'Border Line' (side 2 -> side 1),snapshots/20260928_151825_102080_TRIPWIRE.jpg
2026-09-28 15:18:25,1790588905.165997,FACE_DETECTED,INFO,person,248,face detected on tracked person,
2026-09-28 15:18:25,1790588905.872107,INTRUSION,HIGH,person,245,person entered 'Restricted Zone',snapshots/20260928_151825_903848_INTRUSION.jpg
2026-09-28 15:18:27,1790588907.504234,INTRUSION,HIGH,person,245,person entered 'Restricted Zone',snapshots/20260928_151827_537000_INTRUSION.jpg
2026-09-28 15:18:27,1790588907.906219,INTRUSION,HIGH,person,238,person entered 'Restricted Zone',snapshots/20260928_151827_938851_INTRUSION.jpg
2026-09-28 15:18:28,1790588908.209739,TRIPWIRE,HIGH,person,249,person crossed 'Border Line' (side 2 -> side 1),snapshots/20260928_151828_248685_TRIPWIRE.jpg
2026-09-28 15:18:28,1790588908.209739,RUNNING,MEDIUM,person,249,person moving fast (0.43 widths/s),snapshots/20260928_151828_250785_RUNNING.jpg
2026-09-28 15:18:29,1790588909.204374,FACE_DETECTED,INFO,person,249,face detected on tracked person,
2026-09-28 15:18:29,1790588909.411263,RUNNING,MEDIUM,person,248,person moving fast (0.31 widths/s),snapshots/20260928_151829_445430_RUNNING.jpg
2026-09-28 15:18:29,1790588909.608345,INTRUSION,HIGH,person,248,person entered 'Restricted Zone',snapshots/20260928_151829_641555_INTRUSION.jpg
2026-09-28 15:18:30,1790588910.307843,INTRUSION,HIGH,person,238,person entered 'Restricted Zone',snapshots/20260928_151830_340939_INTRUSION.jpg
2026-09-28 15:18:32,1790588912.107965,INTRUSION,HIGH,person,238,person entered 'Restricted Zone',snapshots/20260928_151832_141048_INTRUSION.jpg
2026-09-28 15:18:33,1790588913.305461,INTRUSION,HIGH,person,238,person entered 'Restricted Zone',snapshots/20260928_151833_338015_INTRUSION.jpg
2026-09-28 15:18:36,1790588916.105526,INTRUSION,HIGH,person,250,person entered 'Restricted Zone',snapshots/20260928_151836_137840_INTRUSION.jpg
2026-09-28 15:18:36,1790588916.3094232,LOITERING,MEDIUM,person,249,person stationary > 8s,snapshots/20260928_151836_343169_LOITERING.jpg
2026-09-28 15:18:37,1790588917.6116412,TRIPWIRE,HIGH,person,230,person crossed 'Border Line' (side 2 -> side 1),snapshots/20260928_151837_644890_TRIPWIRE.jpg
2026-09-28 15:18:37,1790588917.704942,FACE_DETECTED,INFO,person,250,face detected on tracked person,
2026-09-28 15:18:38,1790588918.10935,GROUP_INTRUSION,HIGH,,-1,3 persons inside 'Restricted Zone',snapshots/20260928_151838_141580_GROUP_INTRUSION.jpg
2026-09-28 15:18:38,1790588918.202354,INTRUSION,HIGH,person,238,person entered 'Restricted Zone',snapshots/20260928_151838_237513_INTRUSION.jpg
2026-09-28 15:18:38,1790588918.4110348,RUNNING,MEDIUM,person,249,person moving fast (0.61 widths/s),snapshots/20260928_151838_445192_RUNNING.jpg
2026-09-28 15:18:39,1790588919.206076,FACE_DETECTED,INFO,person,251,face detected on tracked person,
2026-09-28 15:18:39,1790588919.5056489,RUNNING,MEDIUM,person,222,person moving fast (0.35 widths/s),snapshots/20260928_151839_542496_RUNNING.jpg
2026-09-28 15:18:40,1790588920.308425,INTRUSION,HIGH,person,238,person entered 'Restricted Zone',snapshots/20260928_151840_341333_INTRUSION.jpg
2026-09-28 15:18:40,1790588920.907309,INTRUSION,HIGH,person,222,person entered 'Restricted Zone',snapshots/20260928_151840_940948_INTRUSION.jpg
2026-09-28 15:18:46,1790588926.208169,RUNNING,MEDIUM,person,238,person moving fast (0.46 widths/s),snapshots/20260928_151846_247404_RUNNING.jpg
2026-09-28 15:18:46,1790588926.208169,INTRUSION,HIGH,person,251,person entered 'Restricted Zone',snapshots/20260928_151846_249675_INTRUSION.jpg
2026-09-28 15:18:46,1790588926.208169,FACE_DETECTED,INFO,person,238,face detected on tracked person,
2026-09-28 15:18:46,1790588926.5086432,INTRUSION,HIGH,person,222,person entered 'Restricted Zone',snapshots/20260928_151846_542317_INTRUSION.jpg
2026-09-28 15:18:46,1790588926.6055071,INTRUSION,HIGH,person,249,person entered 'Restricted Zone',snapshots/20260928_151846_638086_INTRUSION.jpg
2026-09-28 15:18:47,1790588927.7091808,INTRUSION,HIGH,person,222,person entered 'Restricted Zone',snapshots/20260928_151847_741873_INTRUSION.jpg
2026-09-28 15:18:48,1790588928.01167,RUNNING,MEDIUM,person,251,person moving fast (0.32 widths/s),snapshots/20260928_151848_045849_RUNNING.jpg
2026-09-28 15:18:48,1790588928.506419,INTRUSION,HIGH,person,222,person entered 'Restricted Zone',snapshots/20260928_151848_539915_INTRUSION.jpg
2026-09-28 15:18:49,1790588929.105786,INTRUSION,HIGH,person,251,person entered 'Restricted Zone',snapshots/20260928_151849_138745_INTRUSION.jpg
2026-09-28 15:18:49,1790588929.4067142,INTRUSION,HIGH,person,252,person entered 'Restricted Zone',snapshots/20260928_151849_439351_INTRUSION.jpg
2026-09-28 15:18:49,1790588929.504216,INTRUSION,HIGH,person,238,person entered 'Restricted Zone',snapshots/20260928_151849_535067_INTRUSION.jpg
2026-09-28 15:18:49,1790588929.6034071,GROUP_INTRUSION,HIGH,,-1,3 persons inside 'Restricted Zone',snapshots/20260928_151849_634465_GROUP_INTRUSION.jpg
2026-09-28 15:18:49,1790588929.710667,FACE_DETECTED,INFO,person,252,face detected on tracked person,
2026-09-28 15:18:49,1790588929.803635,INTRUSION,HIGH,person,251,person entered 'Restricted Zone',snapshots/20260928_151849_835096_INTRUSION.jpg
2026-09-28 15:18:51,1790588931.410665,INTRUSION,HIGH,person,251,person entered 'Restricted Zone',snapshots/20260928_151851_444211_INTRUSION.jpg
2026-09-28 15:18:53,1790588933.1091242,INTRUSION,HIGH,person,238,person entered 'Restricted Zone',snapshots/20260928_151853_142218_INTRUSION.jpg
2026-09-28 15:18:54,1790588934.313059,INTRUSION,HIGH,person,251,person entered 'Restricted Zone',snapshots/20260928_151854_348046_INTRUSION.jpg
2026-09-28 15:18:54,1790588934.404688,TRIPWIRE,HIGH,person,230,person crossed 'Border Line' (side 2 -> side 1),snapshots/20260928_151854_438101_TRIPWIRE.jpg
2026-09-28 15:18:54,1790588934.50479,INTRUSION,HIGH,person,252,person entered 'Restricted Zone',snapshots/20260928_151854_538097_INTRUSION.jpg
2026-09-28 15:18:55,1790588935.2146041,INTRUSION,HIGH,person,251,person entered 'Restricted Zone',snapshots/20260928_151855_248551_INTRUSION.jpg
2026-09-28 15:18:57,1790588937.205697,FACE_DETECTED,INFO,person,253,face detected on tracked person,
2026-09-28 15:18:57,1790588937.305419,INTRUSION,HIGH,person,253,person entered 'Restricted Zone',snapshots/20260928_151857_337723_INTRUSION.jpg
2026-09-28 15:18:57,1790588937.80828,INTRUSION,HIGH,person,249,person entered 'Restricted Zone',snapshots/20260928_151857_841317_INTRUSION.jpg
2026-09-28 15:18:59,1790588939.811079,TRIPWIRE,HIGH,person,252,person crossed 'Border Line' (side 1 -> side 2),snapshots/20260928_151859_844533_TRIPWIRE.jpg
2026-09-28 15:19:00,1790588940.115295,GROUP_INTRUSION,HIGH,,-1,3 persons inside 'Restricted Zone',snapshots/20260928_151900_148124_GROUP_INTRUSION.jpg
2026-09-28 15:19:00,1790588940.711967,RUNNING,MEDIUM,person,238,person moving fast (0.43 widths/s),snapshots/20260928_151900_744278_RUNNING.jpg
2026-09-28 15:19:01,1790588941.211185,INTRUSION,HIGH,person,249,person entered 'Restricted Zone',snapshots/20260928_151901_244103_INTRUSION.jpg
2026-09-28 15:19:04,1790588944.013341,INTRUSION,HIGH,person,238,person entered 'Restricted Zone',snapshots/20260928_151904_065594_INTRUSION.jpg
2026-09-28 15:19:04,1790588944.013341,INTRUSION,HIGH,person,249,person entered 'Restricted Zone',snapshots/20260928_151904_068276_INTRUSION.jpg
2026-09-28 15:19:04,1790588944.74139,INTRUSION,HIGH,person,238,person entered 'Restricted Zone',snapshots/20260928_151904_779536_INTRUSION.jpg
2026-09-28 15:19:06,1790588946.542565,INTRUSION,HIGH,person,255,person entered 'Restricted Zone',snapshots/20260928_151906_575966_INTRUSION.jpg
2026-09-28 15:19:06,1790588946.749658,INTRUSION,HIGH,person,238,person entered 'Restricted Zone',snapshots/20260928_151906_787354_INTRUSION.jpg
2026-09-28 15:19:07,1790588947.743808,FACE_DETECTED,INFO,person,254,face detected on tracked person,
2026-09-28 15:19:08,1790588948.644036,INTRUSION,HIGH,person,238,person entered 'Restricted Zone',snapshots/20260928_151908_678341_INTRUSION.jpg
2026-09-28 15:19:09,1790588949.4466429,INTRUSION,HIGH,person,251,person entered 'Restricted Zone',snapshots/20260928_151909_479976_INTRUSION.jpg
2026-09-28 15:19:09,1790588949.64946,LOITERING,MEDIUM,person,253,person stationary > 8s,snapshots/20260928_151909_683421_LOITERING.jpg
2026-09-28 15:19:10,1790588950.142942,TRIPWIRE,HIGH,person,230,person crossed 'Border Line' (side 2 -> side 1),snapshots/20260928_151910_176692_TRIPWIRE.jpg
2026-09-28 15:19:10,1790588950.443254,RUNNING,MEDIUM,person,251,person moving fast (0.33 widths/s),snapshots/20260928_151910_478063_RUNNING.jpg
2026-09-28 15:19:10,1790588950.443254,TRIPWIRE,HIGH,person,253,person crossed 'Border Line' (side 1 -> side 2),snapshots/20260928_151910_479912_TRIPWIRE.jpg
2026-09-28 15:19:10,1790588950.443254,RUNNING,MEDIUM,person,253,person moving fast (0.49 widths/s),snapshots/20260928_151910_481404_RUNNING.jpg
2026-09-28 15:19:10,1790588950.947776,INTRUSION,HIGH,person,238,person entered 'Restricted Zone',snapshots/20260928_151910_982792_INTRUSION.jpg
2026-09-28 15:19:11,1790588951.746608,FACE_DETECTED,INFO,person,257,face detected on tracked person,
2026-09-28 15:19:12,1790588952.4473548,RUNNING,MEDIUM,person,254,person moving fast (0.31 widths/s),snapshots/20260928_151912_483314_RUNNING.jpg
2026-09-28 15:19:12,1790588952.538801,INTRUSION,HIGH,person,254,person entered 'Restricted Zone',snapshots/20260928_151912_574696_INTRUSION.jpg
2026-09-28 15:19:13,1790588953.0474792,INTRUSION,HIGH,person,238,person entered 'Restricted Zone',snapshots/20260928_151913_083106_INTRUSION.jpg
2026-09-28 15:19:17,1790588957.143297,RUNNING,MEDIUM,person,238,person moving fast (0.35 widths/s),snapshots/20260928_151917_175676_RUNNING.jpg
2026-09-28 15:19:17,1790588957.241001,INTRUSION,HIGH,person,238,person entered 'Restricted Zone',snapshots/20260928_151917_282478_INTRUSION.jpg
2026-09-28 15:19:17,1790588957.642576,INTRUSION,HIGH,person,238,person entered 'Restricted Zone',snapshots/20260928_151917_676895_INTRUSION.jpg
2026-09-28 15:19:19,1790588959.5504792,LOITERING,MEDIUM,person,257,person stationary > 8s,snapshots/20260928_151919_584794_LOITERING.jpg
2026-09-28 15:19:19,1790588959.8486452,LOITERING,MEDIUM,person,256,person stationary > 8s,snapshots/20260928_151919_884354_LOITERING.jpg
2026-09-28 15:19:20,1790588960.8461702,LOITERING,MEDIUM,person,258,person stationary > 8s,snapshots/20260928_151920_879441_LOITERING.jpg
2026-09-28 15:19:22,1790588962.241024,LOITERING,MEDIUM,person,230,person stationary > 8s,snapshots/20260928_151922_285031_LOITERING.jpg
2026-09-28 15:19:29,1790588969.646425,LOITERING,MEDIUM,person,257,person stationary > 8s,snapshots/20260928_151929_681145_LOITERING.jpg
2026-09-28 15:19:32,1790588972.246603,LOITERING,MEDIUM,person,230,person stationary > 8s,snapshots/20260928_151932_278875_LOITERING.jpg
2026-09-28 15:19:34,1790588974.252585,TRIPWIRE,HIGH,person,238,person crossed 'Border Line' (side 1 -> side 2),snapshots/20260928_151934_291716_TRIPWIRE.jpg
2026-09-28 15:19:34,1790588974.252585,RUNNING,MEDIUM,person,238,person moving fast (0.52 widths/s),snapshots/20260928_151934_293670_RUNNING.jpg
2026-09-28 15:19:35,1790588975.050258,INTRUSION,HIGH,person,257,person entered 'Restricted Zone',snapshots/20260928_151935_080026_INTRUSION.jpg
2026-09-28 15:19:35,1790588975.751952,FACE_DETECTED,INFO,person,265,face detected on tracked person,
2026-09-28 15:19:36,1790588976.2492921,FACE_DETECTED,INFO,person,264,face detected on tracked person,
2026-09-28 15:19:37,1790588977.081461,INTRUSION,HIGH,person,264,person entered 'Restricted Zone',snapshots/20260928_151937_115032_INTRUSION.jpg
2026-09-28 15:19:37,1790588977.284092,TRIPWIRE,HIGH,person,257,person crossed 'Border Line' (side 1 -> side 2),snapshots/20260928_151937_326753_TRIPWIRE.jpg
2026-09-28 15:19:41,1790588981.5819561,LOITERING,MEDIUM,person,262,person stationary > 8s,snapshots/20260928_151941_615192_LOITERING.jpg
2026-09-28 15:19:42,1790588982.783239,FACE_DETECTED,INFO,person,262,face detected on tracked person,
2026-09-28 15:19:44,1790588984.2838132,INTRUSION,HIGH,person,262,person entered 'Restricted Zone',snapshots/20260928_151944_326663_INTRUSION.jpg
2026-09-28 15:19:44,1790588984.2838132,FACE_DETECTED,INFO,person,268,face detected on tracked person,
2026-09-28 15:19:44,1790588984.5852532,INTRUSION,HIGH,person,264,person entered 'Restricted Zone',snapshots/20260928_151944_618601_INTRUSION.jpg
2026-09-28 15:19:45,1790588985.3799849,INTRUSION,HIGH,person,268,person entered 'Restricted Zone',snapshots/20260928_151945_412470_INTRUSION.jpg
2026-09-28 15:19:45,1790588985.78143,INTRUSION,HIGH,person,264,person entered 'Restricted Zone',snapshots/20260928_151945_814380_INTRUSION.jpg
2026-09-28 15:19:45,1790588985.8763032,RUNNING,MEDIUM,person,268,person moving fast (0.38 widths/s),snapshots/20260928_151945_911245_RUNNING.jpg
2026-09-28 15:19:46,1790588985.977741,RUNNING,MEDIUM,person,267,person moving fast (0.41 widths/s),snapshots/20260928_151946_011565_RUNNING.jpg
2026-09-28 15:19:46,1790588985.977741,TRIPWIRE,HIGH,person,268,person crossed 'Border Line' (side 1 -> side 2),snapshots/20260928_151946_013641_TRIPWIRE.jpg
2026-09-28 15:19:46,1790588986.076761,INTRUSION,HIGH,person,262,person entered 'Restricted Zone',snapshots/20260928_151946_110669_INTRUSION.jpg
2026-09-28 15:19:51,1790588991.5804129,INTRUSION,HIGH,person,262,person entered 'Restricted Zone',snapshots/20260928_151951_614443_INTRUSION.jpg
2026-09-28 15:19:53,1790588993.0827131,INTRUSION,HIGH,person,262,person entered 'Restricted Zone',snapshots/20260928_151953_115624_INTRUSION.jpg
2026-09-28 15:19:53,1790588993.784537,FACE_DETECTED,INFO,person,272,face detected on tracked person,
2026-09-28 15:19:54,1790588994.086195,LOITERING,MEDIUM,person,262,person stationary > 8s,snapshots/20260928_151954_120292_LOITERING.jpg
2026-09-28 15:19:54,1790588994.1792939,LOITERING,MEDIUM,person,264,person stationary > 8s,snapshots/20260928_151954_212813_LOITERING.jpg
2026-09-28 15:19:55,1790588995.6846132,INTRUSION,HIGH,person,262,person entered 'Restricted Zone',snapshots/20260928_151955_718427_INTRUSION.jpg
2026-09-28 15:19:57,1790588997.186496,TRIPWIRE,HIGH,person,262,person crossed 'Border Line' (side 1 -> side 2),snapshots/20260928_151957_219964_TRIPWIRE.jpg
2026-09-28 15:19:57,1790588997.186496,RUNNING,MEDIUM,person,262,person moving fast (0.46 widths/s),snapshots/20260928_151957_222182_RUNNING.jpg
2026-09-28 15:19:58,1790588998.784032,FACE_DETECTED,INFO,person,269,face detected on tracked person,
2026-09-28 15:20:01,1790589001.087702,LOITERING,MEDIUM,person,270,person stationary > 8s,snapshots/20260928_152001_122203_LOITERING.jpg
2026-09-28 15:20:01,1790589001.683721,RUNNING,MEDIUM,person,269,person moving fast (0.41 widths/s),snapshots/20260928_152001_716483_RUNNING.jpg
2026-09-28 15:20:02,1790589001.987112,RUNNING,MEDIUM,person,273,person moving fast (0.52 widths/s),snapshots/20260928_152002_020569_RUNNING.jpg
2026-09-28 15:20:03,1790589003.187905,LOITERING,MEDIUM,person,272,person stationary > 8s,snapshots/20260928_152003_221381_LOITERING.jpg
2026-09-28 15:20:04,1790589004.1838841,LOITERING,MEDIUM,person,264,person stationary > 8s,snapshots/20260928_152004_216784_LOITERING.jpg
2026-09-28 15:20:06,1790589006.7870212,FACE_DETECTED,INFO,person,275,face detected on tracked person,
2026-09-28 15:20:09,1790589009.284548,FACE_DETECTED,INFO,person,270,face detected on tracked person,
2026-09-28 15:20:10,1790589010.2816231,FACE_DETECTED,INFO,person,279,face detected on tracked person,
2026-09-28 15:20:11,1790589011.1858509,LOITERING,MEDIUM,person,270,person stationary > 8s,snapshots/20260928_152011_217608_LOITERING.jpg
2026-09-28 15:20:12,1790589012.688592,TRIPWIRE,HIGH,person,275,person crossed 'Border Line' (side 2 -> side 1),snapshots/20260928_152012_722200_TRIPWIRE.jpg
2026-09-28 15:20:14,1790589014.1860962,LOITERING,MEDIUM,person,264,person stationary > 8s,snapshots/20260928_152014_218332_LOITERING.jpg
2026-09-28 15:20:16,1790589016.68578,INTRUSION,HIGH,person,264,person entered 'Restricted Zone',snapshots/20260928_152016_717500_INTRUSION.jpg
2026-09-28 15:20:19,1790589019.8843808,INTRUSION,HIGH,person,281,person entered 'Restricted Zone',snapshots/20260928_152019_915535_INTRUSION.jpg
2026-09-28 15:20:22,1790589022.781204,FACE_DETECTED,INFO,person,281,face detected on tracked person,
2026-09-28 15:20:23,1790589022.98672,INTRUSION,HIGH,person,281,person entered 'Restricted Zone',snapshots/20260928_152023_018750_INTRUSION.jpg
2026-09-28 15:20:23,1790589023.080845,INTRUSION,HIGH,person,264,person entered 'Restricted Zone',snapshots/20260928_152023_113876_INTRUSION.jpg
2026-09-28 15:20:23,1790589023.080845,TRIPWIRE,HIGH,person,270,person crossed 'Border Line' (side 2 -> side 1),snapshots/20260928_152023_116005_TRIPWIRE.jpg
2026-09-28 15:20:23,1790589023.28608,FACE_DETECTED,INFO,person,282,face detected on tracked person,
2026-09-28 15:20:23,1790589023.787488,FACE_DETECTED,INFO,person,283,face detected on tracked person,
2026-09-28 15:20:24,1790589024.4860868,RUNNING,MEDIUM,person,269,person moving fast (0.31 widths/s),snapshots/20260928_152024_518206_RUNNING.jpg
2026-09-28 15:20:28,1790589028.386563,INTRUSION,HIGH,person,264,person entered 'Restricted Zone',snapshots/20260928_152028_417907_INTRUSION.jpg
2026-09-28 15:20:28,1790589028.684272,INTRUSION,HIGH,person,282,person entered 'Restricted Zone',snapshots/20260928_152028_716110_INTRUSION.jpg
2026-09-28 15:20:29,1790589028.9854982,RUNNING,MEDIUM,person,282,person moving fast (0.32 widths/s),snapshots/20260928_152029_017215_RUNNING.jpg
2026-09-28 15:20:30,1790589030.2858438,FACE_DETECTED,INFO,person,285,face detected on tracked person,
2026-09-28 15:20:31,1790589031.687005,TRIPWIRE,HIGH,person,283,person crossed 'Border Line' (side 1 -> side 2),snapshots/20260928_152031_719618_TRIPWIRE.jpg
2026-09-28 15:20:31,1790589031.687005,RUNNING,MEDIUM,person,283,person moving fast (0.49 widths/s),snapshots/20260928_152031_721707_RUNNING.jpg
2026-09-28 15:20:37,1790589037.089716,LOITERING,MEDIUM,person,264,person stationary > 8s,snapshots/20260928_152037_123123_LOITERING.jpg
2026-09-28 15:20:38,1790589038.787342,FACE_DETECTED,INFO,person,286,face detected on tracked person,
2026-09-28 15:20:39,1790589039.7883232,LOITERING,MEDIUM,person,270,person stationary > 8s,snapshots/20260928_152039_828734_LOITERING.jpg
2026-09-28 15:20:40,1790589040.0902011,LOITERING,MEDIUM,person,279,person stationary > 8s,snapshots/20260928_152040_119184_LOITERING.jpg
2026-09-28 15:20:40,1790589040.290813,INTRUSION,HIGH,person,289,person entered 'Restricted Zone',snapshots/20260928_152040_332770_INTRUSION.jpg
2026-09-28 15:20:40,1790589040.786983,FACE_DETECTED,INFO,person,289,face detected on tracked person,
2026-09-28 15:20:42,1790589042.3865721,INTRUSION,HIGH,person,264,person entered 'Restricted Zone',snapshots/20260928_152042_418271_INTRUSION.jpg
2026-09-28 15:20:42,1790589042.3865721,INTRUSION,HIGH,person,287,person entered 'Restricted Zone',snapshots/20260928_152042_420280_INTRUSION.jpg
2026-09-28 15:20:42,1790589042.6878011,RUNNING,MEDIUM,person,290,person moving fast (0.35 widths/s),snapshots/20260928_152042_720338_RUNNING.jpg
2026-09-28 15:20:43,1790589043.787661,FACE_DETECTED,INFO,person,290,face detected on tracked person,
2026-09-28 15:20:44,1790589043.989525,TRIPWIRE,HIGH,person,289,person crossed 'Border Line' (side 1 -> side 2),snapshots/20260928_152044_022306_TRIPWIRE.jpg
2026-09-28 15:20:50,1790589050.288939,LOITERING,MEDIUM,person,286,person stationary > 8s,snapshots/20260928_152050_321401_LOITERING.jpg
2026-09-28 15:20:52,1790589051.991254,LOITERING,MEDIUM,person,264,person stationary > 8s,snapshots/20260928_152052_024594_LOITERING.jpg
2026-09-28 15:20:53,1790589053.588258,INTRUSION,HIGH,person,293,person entered 'Restricted Zone',snapshots/20260928_152053_620650_INTRUSION.jpg
2026-09-28 15:20:53,1790589053.8906949,RUNNING,MEDIUM,person,293,person moving fast (0.37 widths/s),snapshots/20260928_152053_924549_RUNNING.jpg
2026-09-28 15:20:58,1790589058.09184,LOITERING,MEDIUM,person,270,person stationary > 8s,snapshots/20260928_152058_125232_LOITERING.jpg
2026-09-28 15:20:58,1790589058.388335,LOITERING,MEDIUM,person,279,person stationary > 8s,snapshots/20260928_152058_421595_LOITERING.jpg
2026-09-28 15:20:58,1790589058.8911989,RUNNING,MEDIUM,person,286,person moving fast (0.33 widths/s),snapshots/20260928_152058_924201_RUNNING.jpg
2026-09-28 15:21:00,1790589060.286269,FACE_DETECTED,INFO,person,294,face detected on tracked person,
2026-09-28 15:21:03,1790589063.7933939,FACE_DETECTED,INFO,person,295,face detected on tracked person,
2026-09-28 15:21:06,1790589066.793313,LOITERING,MEDIUM,person,264,person stationary > 8s,snapshots/20260928_152106_832449_LOITERING.jpg
2026-09-28 15:21:07,1790589066.989532,LOITERING,MEDIUM,person,293,person stationary > 8s,snapshots/20260928_152107_022242_LOITERING.jpg
2026-09-28 15:21:07,1790589067.190604,INTRUSION,HIGH,person,293,person entered 'Restricted Zone',snapshots/20260928_152107_223182_INTRUSION.jpg
2026-09-28 15:21:12,1790589072.3917902,TRIPWIRE,HIGH,person,293,person crossed 'Border Line' (side 1 -> side 2),snapshots/20260928_152112_424130_TRIPWIRE.jpg
2026-09-28 15:21:12,1790589072.7920609,FACE_DETECTED,INFO,person,298,face detected on tracked person,
2026-09-28 15:21:13,1790589073.790087,FACE_DETECTED,INFO,person,300,face detected on tracked person,
2026-09-28 15:21:14,1790589074.088528,INTRUSION,HIGH,person,295,person entered 'Restricted Zone',snapshots/20260928_152114_121898_INTRUSION.jpg
2026-09-28 15:21:15,1790589074.986413,INTRUSION,HIGH,person,295,person entered 'Restricted Zone',snapshots/20260928_152115_017252_INTRUSION.jpg
2026-09-28 15:21:15,1790589075.08579,TRIPWIRE,HIGH,person,298,person crossed 'Border Line' (side 1 -> side 2),snapshots/20260928_152115_114514_TRIPWIRE.jpg
2026-09-28 15:21:15,1790589075.08579,RUNNING,MEDIUM,person,298,person moving fast (0.33 widths/s),snapshots/20260928_152115_116710_RUNNING.jpg
2026-09-28 15:21:16,1790589076.893301,LOITERING,MEDIUM,person,264,person stationary > 8s,snapshots/20260928_152116_925174_LOITERING.jpg
2026-09-28 15:21:17,1790589077.2913349,INTRUSION,HIGH,person,295,person entered 'Restricted Zone',snapshots/20260928_152117_330301_INTRUSION.jpg
2026-09-28 15:21:19,1790589079.381064,INTRUSION,HIGH,person,295,person entered 'Restricted Zone',snapshots/20260928_152119_410787_INTRUSION.jpg
2026-09-28 15:21:23,1790589083.592266,LOITERING,MEDIUM,person,300,person stationary > 8s,snapshots/20260928_152123_624100_LOITERING.jpg
2026-09-28 15:21:26,1790589086.896575,LOITERING,MEDIUM,person,264,person stationary > 8s,snapshots/20260928_152126_929884_LOITERING.jpg
2026-09-28 15:21:27,1790589087.7965922,INTRUSION,HIGH,person,295,person entered 'Restricted Zone',snapshots/20260928_152127_834226_INTRUSION.jpg
2026-09-28 15:21:28,1790589088.71525,INTRUSION,HIGH,person,295,person entered 'Restricted Zone',snapshots/20260928_152128_747410_INTRUSION.jpg
2026-09-28 15:21:29,1790589089.629963,INTRUSION,HIGH,person,295,person entered 'Restricted Zone',snapshots/20260928_152129_663285_INTRUSION.jpg
2026-09-28 15:21:30,1790589090.5277991,LOITERING,MEDIUM,person,279,person stationary > 8s,snapshots/20260928_152130_563402_LOITERING.jpg
2026-09-28 15:21:33,1790589093.357047,FACE_DETECTED,INFO,person,304,face detected on tracked person,
2026-09-28 15:21:34,1790589094.860411,FACE_DETECTED,INFO,person,303,face detected on tracked person,
2026-09-28 15:21:35,1790589095.394306,FACE_DETECTED,INFO,person,305,face detected on tracked person,
2026-09-28 15:21:35,1790589095.52413,RUNNING,MEDIUM,person,295,person moving fast (0.31 widths/s),snapshots/20260928_152135_560795_RUNNING.jpg
2026-09-28 15:21:35,1790589095.52413,GROUP_INTRUSION,HIGH,,-1,3 persons inside 'Restricted Zone',snapshots/20260928_152135_562783_GROUP_INTRUSION.jpg
2026-09-28 15:21:35,1790589095.622872,RUNNING,MEDIUM,person,264,person moving fast (0.30 widths/s),snapshots/20260928_152135_659555_RUNNING.jpg
2026-09-28 15:21:35,1790589095.720031,RUNNING,MEDIUM,person,305,person moving fast (0.40 widths/s),snapshots/20260928_152135_754033_RUNNING.jpg
